Unnamed: 0,Chr,Start,End,Ref,Alt,Func.refGene,Gene.refGene,GeneDetail.refGene,ExonicFunc.refGene,AAChange.refGene,cytoBand,genomicSuperDups,ExAC_ALL,ExAC_AFR,ExAC_AMR,ExAC_EAS,ExAC_FIN,ExAC_NFE,ExAC_OTH,ExAC_SAS,gnomAD_exome_ALL,gnomAD_exome_AFR,gnomAD_exome_AMR,gnomAD_exome_ASJ,gnomAD_exome_EAS,gnomAD_exome_FIN,gnomAD_exome_NFE,gnomAD_exome_OTH,gnomAD_exome_SAS,gnomAD_genome_ALL,gnomAD_genome_AFR,gnomAD_genome_AMR,gnomAD_genome_ASJ,gnomAD_genome_EAS,gnomAD_genome_FIN,gnomAD_genome_NFE,gnomAD_genome_OTH,avsnp147,SIFT_score,SIFT_converted_rankscore,SIFT_pred,Polyphen2_HDIV_score,Polyphen2_HDIV_rankscore,Polyphen2_HDIV_pred,Polyphen2_HVAR_score,Polyphen2_HVAR_rankscore,Polyphen2_HVAR_pred,LRT_score,LRT_converted_rankscore,LRT_pred,MutationTaster_score,MutationTaster_converted_rankscore,MutationTaster_pred,MutationAssessor_score,MutationAssessor_score_rankscore,MutationAssessor_pred,FATHMM_score,FATHMM_converted_rankscore,FATHMM_pred,PROVEAN_score,PROVEAN_converted_rankscore,PROVEAN_pred,VEST3_score,VEST3_rankscore,MetaSVM_score,MetaSVM_rankscore,MetaSVM_pred,MetaLR_score,MetaLR_rankscore,MetaLR_pred,M-CAP_score,M-CAP_rankscore,M-CAP_pred,CADD_raw,CADD_raw_rankscore,CADD_phred,DANN_score,DANN_rankscore,fathmm-MKL_coding_score,fathmm-MKL_coding_rankscore,fathmm-MKL_coding_pred,Eigen_coding_or_noncoding,Eigen-raw,Eigen-PC-raw,GenoCanyon_score,GenoCanyon_score_rankscore,integrated_fitCons_score,integrated_fitCons_score_rankscore,integrated_confidence_value,GERP++_RS,GERP++_RS_rankscore,phyloP100way_vertebrate,phyloP100way_vertebrate_rankscore,phyloP20way_mammalian,phyloP20way_mammalian_rankscore,phastCons100way_vertebrate,phastCons100way_vertebrate_rankscore,phastCons20way_mammalian,phastCons20way_mammalian_rankscore,SiPhy_29way_logOdds,SiPhy_29way_logOdds_rankscore,Interpro_domain,GTEx_V6_gene,GTEx_V6_tissue,dbscSNV_ADA_SCORE,dbscSNV_RF_SCORE,MCAP,CLNALLELEID,CLNDN,CLNDISDB,CLNREVSTAT,CLNSIG,REVEL,rules,rule,id,Hugo_Symbol,Amino_Acid_Position,Mutation_Count,Reference_Amino_Acid,Total_Mutations_in_Gene,Variant_Amino_Acid,Codon_Change,Genomic_Position,Detailed_Cancer_Types,Organ_Types,ref,ct,Samples,total_variant_count,hotspot_rules
0,12,25209871,25209871,C,T,exonic,KRAS,.,nonsynonymous SNV,"KRAS:NM_001369787:exon5:c.G491A:p.R164Q,KRAS:NM_004985:exon5:c.G491A:p.R164Q",12p12.1,Score=0.919627;Name=chr6:54771031,3.323e-05,9.87e-05,8.715e-05,0.0001,0,1.51e-05,0,0,2.041e-05,0.0001,2.993e-05,0,5.818e-05,0,9.005e-06,0,0,3.234e-05,0.0001,0,0,0,0,0,0,rs372793780,0.004,0.912,D,0.999,0.764,D,0.776,0.553,P,.,.,.,1,0.810,D,.,.,.,-1.31,0.979,T,-2.63,0.564,D,0.657,0.679,1.080,0.989,D,0.942,0.981,D,0.569,0.961,D,2.430,0.353,19.02,0.999,0.999,0.992,0.923,D,c,0.717,0.748,1.000,0.747,0.732,0.924,0,5.67,0.876,7.523,0.806,0.919,0.430,1.000,0.715,1.000,0.888,18.753,0.917,P-loop containing nucleoside triphosphate hydrolase,.,.,.,.,0.568996615134,54295,Rasopathy|not_specified,MONDO:MONDO:0021060\x2cMedGen:CN166718\x2cOrphanet:ORPHA536391|MedGen:CN169374,criteria_provided\x2c_multiple_submitters\x2c_no_conflicts,Uncertain_significance,0.745,OP4,0,KRAS_R164Q,0,0,0.0,0,0.0,0,0,0,0,0,0,0,0,0.0,OP3
1,12,25227330,25227330,C,A,exonic,KRAS,.,nonsynonymous SNV,"KRAS:NM_001369786:exon3:c.G194T:p.S65I,KRAS:NM_001369787:exon3:c.G194T:p.S65I,KRAS:NM_004985:exon3:c.G194T:p.S65I,KRAS:NM_033360:exon3:c.G194T:p.S65I",12p12.1,.,.,.,.,.,.,.,.,.,.,.,.,.,.,.,.,.,.,.,.,.,.,.,.,.,.,.,0.0,0.912,D,1.0,0.899,D,0.941,0.659,D,0.000,0.843,D,1,0.810,D,1.195,0.303,L,-1.15,0.780,T,-5.32,0.860,D,0.72,0.724,0.204,0.860,D,0.598,0.857,D,0.123,0.805,D,7.047,0.939,33,0.997,0.796,0.988,0.866,D,c,0.838,0.847,1.000,0.747,0.722,0.854,0,5.76,0.907,7.892,0.857,0.919,0.430,1.000,0.715,1.000,0.888,19.331,0.943,P-loop containing nucleoside triphosphate hydrolase|Small GTP-binding protein domain,.,.,.,.,0.123105525756,432423,Noonan_syndrome_3|Rasopathy,MONDO:MONDO:0012371\x2cMedGen:C1860991\x2cOMIM:609942|MONDO:MONDO:0021060\x2cMedGen:CN166718\x2cOrphanet:ORPHA536391,reviewed_by_expert_panel,Likely_pathogenic,0.600,OP4,OP1,KRAS_S65I,0,0,0.0,0,0.0,0,0,0,0,0,0,0,0,0.0,OP3
2,12,25227343,25227343,G,T,exonic,KRAS,.,nonsynonymous SNV,"KRAS:NM_001369786:exon3:c.C181A:p.Q61K,KRAS:NM_001369787:exon3:c.C181A:p.Q61K,KRAS:NM_004985:exon3:c.C181A:p.Q61K,KRAS:NM_033360:exon3:c.C181A:p.Q61K",12p12.1,.,.,.,.,.,.,.,.,.,.,.,.,.,.,.,.,.,.,.,.,.,.,.,.,.,.,rs121913238,0.009,0.574,D,0.111,0.247,B,0.058,0.295,B,0.000,0.843,D,1,0.810,D,3.165,0.888,M,-1.73,0.833,D,-3.32,0.692,D,0.888,0.876,0.238,0.865,D,0.662,0.883,D,0.066,0.697,D,4.322,0.579,24.0,0.993,0.597,0.992,0.932,D,c,0.543,0.649,1.000,0.747,0.722,0.854,0,5.77,0.910,9.985,0.992,1.029,0.652,1.000,0.715,1.000,0.888,19.350,0.943,P-loop containing nucleoside triphosphate hydrolase|Small GTP-binding protein domain,.,.,.,.,0.0655137715661,175715,Non-small_cell_lung_cancer|Neoplasm_of_the_thyroid_gland|Neoplasm_of_the_large_intestine,Human_Phenotype_Ontology:HP:0030358\x2cMONDO:MONDO:0005233\x2cMeSH:D002289\x2cMedGen:C0007131\x2cSNOMED_CT:254637007|Human_Phenotype_Ontology:HP:0100031\x2cMONDO:MONDO:0015074\x2cMeSH:D013964\x2cMedGen:C0040136\x2cOrphanet:ORPHA100087|Human_Phenotype_Ontology:HP:0100834\x2cMeSH:D015179\x2cMedGen:C0009404\x2cSNOMED_CT:126837005,criteria_provided\x2c_single_submitter,Pathogenic,0.630,OP4,OP1,KRAS_Q61K,KRAS,61,190.0,Q:190,2885.0,K:20,caA/caC:83|cAa/cGa:36|caA/caT:25|cAa/cTa:16|Caa/Aaa:13|ggTCaa/ggAAaa:7|cAA/cTG:2|cAA/cTC:2|CAa/GCa:1|Caa/Gaa:1|cAA/cTT:1|cAA/cGC:1|cAA/cCG:1|cAa/cCa:1,12:25380275_115|12:25380276_54|12:25380277_21,paad:932:61|luad:2057:24|mm:275:15|coad:712:14|coadread:683:13|nsgct:152:6|blca:852:5|thpa:486:5|prad:1366:4|stad:748:4|chol:152:3|uec:339:3|thpd:58:2|ihch:104:2|macr:38:2|cup:135:2|ehch:27:2|skcm:787:2|cll:283:1|hcc:620:1|luas:10:1|hggnos:87:1|brca:1345:1|thap:33:1|lune:37:1|maap:47:1|panet:86:1|umec:18:1|ampca:14:1|bpscc:1:1|paasc:8:1|gbc:74:1|read:149:1|ipmn:7:1|nsclcpd:23:1|lusc:346:1|aml:198:1|esca:556:1|sarc:280:1,pancreas:1059:64|bowel:1782:31|lung:2761:28|blood:890:17|thyroid:618:8|biliarytract:358:8|testis:217:6|bladder:958:5|esophagusstomach:1407:5|prostate:1379:4|uterus:618:4|unk:357:2|skin:974:2|liver:636:1|cnsbrain:2270:1|breast:2561:1|ampullaofvater:23:1|penis:6:1|softtissue:739:1,Q,pancreas,bowel:9|pancreas:3|thyroid:2|biliarytract:1|bladder:1|blood:1|esophagusstomach:1|prostate:1|skin:1,20.0,OS3
3,12,25245350,25245350,C,G,exonic,KRAS,.,nonsynonymous SNV,"KRAS:NM_001369786:exon2:c.G35C:p.G12A,KRAS:NM_001369787:exon2:c.G35C:p.G12A,KRAS:NM_004985:exon2:c.G35C:p.G12A,KRAS:NM_033360:exon2:c.G35C:p.G12A",12p12.1,.,.,.,.,.,.,.,.,.,0,0,0,0,0,0,0,0,0,.,.,.,.,.,.,.,.,rs121913529,0.003,0.682,D,0.898,0.527,P,0.658,0.551,P,0.000,0.843,D,1,0.810,D,1.235,0.309,L,-1.14,0.779,T,-4.55,0.866,D,0.818,0.807,0.215,0.862,D,0.574,0.846,D,0.091,0.757,D,5.811,0.795,27.2,0.998,0.893,0.985,0.830,D,c,0.760,0.776,1.0,0.983,0.732,0.924,0,5.68,0.880,7.892,0.857,0.919,0.430,1.000,0.715,1.000,0.888,18.372,0.903,P-loop containing nucleoside triphosphate hydrolase;P-loop containing nucleoside triphosphate hydrolase|Small GTP-binding protein domain,.,.,.,.,0.0910971912578,54289,Multiple_myeloma|Lung_adenocarcinoma|Non-small_cell_lung_cancer|Neoplasm_of_ovary|Gastrointestinal_stromal_tumor|Neoplasm_of_the_large_intestine|Gallbladder_cancer|not_provided,Human_Phenotype_Ontology:HP:0006775\x2cMONDO:MONDO:0009693\x2cMeSH:D009101\x2cMedGen:C0026764\x2cOMIM:254500\x2cOrphanet:ORPHA29073\x2cSNOMED_CT:109989006\x2cSNOMED_CT:55921005|Human_Phenotype_Ontology:HP:0030078\x2cMONDO:MONDO:0005061\x2cMeSH:D000077192\x2cMedGen:C0152013|Human_Phenotype_Ontology:HP:0030358\x2cMONDO:MONDO:0005233\x2cMeSH:D002289\x2cMedGen:C0007131\x2cSNOMED_CT:254637007|Human_Phenotype_Ontology:HP:0100615\x2cMONDO:MONDO:0021068\x2cMeSH:D010051\x2cMedGen:C0919267\x2cOMIM:167000\x2cSNOMED_CT:123843001|Human_Phenotype_Ontology:HP:0100723\x2cMONDO:MONDO:0011719\x2cMeSH:D046152\x2cMedGen:C0238198\x2cOMIM:606764\x2cOrphanet:ORPHA44890|Human_Phenotype_Ontology:HP:0100834\x2cMeSH:D015179\x2cMedGen:C0009404\x2cSNOMED_CT:126837005|MONDO:MONDO:0005411\x2cMedGen:C0153452|MedGen:CN517202,no_assertion_criteria_provided,Conflicting_interpretations_of_pathogenicity,0.841,OP4,OP1,KRAS_G12A,KRAS,12,2175.0,G:2175,2885.0,A:134,gGt/gAt:757|gGt/gTt:657|Ggt/Tgt:380|Ggt/Cgt:166|gGt/gCt:134|Ggt/Agt:67|GGt/TTt:6|gcTGgt/gcCTgt:3|GGt/TCt:1|ggT/ggG:1|GGt/CTt:1|GGt/ATt:1|gcTGgt/gcATgt:1,12:25398284_1557|12:25398285_617|12:25398283_1,paad:932:728|luad:2057:535|coad:712:212|coadread:683:172|uec:339:60|maap:47:35|read:149:34|stad:748:28|cup:135:28|blca:852:27|ucs:117:19|macr:38:16|sbc:33:16|sem:59:11|unk:146:11|esca:556:10|mm:275:9|ehch:27:8|apad:17:8|lusc:346:8|nsgct:152:8|chol:152:7|paasc:8:7|cesc:205:7|brca:1345:6|mov:9:6|lune:37:6|ecad:15:6|nsclcpd:23:6|nsclc:16:6|soc:468:6|ihch:104:5|ampca:14:5|pampca:9:5|prcc:335:4|hgnec:11:4|prad:1366:4|lgsoc:17:4|idc:870:4|skcm:787:4|utuc:76:3|gbm:688:3|blad:7:3|ucp:4:3|ipmn:7:3|aml:198:3|dlbcl:246:2|uccc:14:2|ccov:24:2|ilc:184:2|thpa:486:2|brcanos:84:2|uad:4:2|hgsoc:132:2|luas:10:2|usc:46:2|mcn:2:2|spcc:3:2|sarc:280:2|sarcl:13:2|rms:50:2|npc:66:1|gcemu:5:1|umec:18:1|slct:2:1|mfh:53:1|osmca:1:1|sbmov:2:1|oovg:1:1|mup:42:1|lclc:1:1|ginet:8:1|lxsc:14:1|luca:9:1|sbov:2:1|paac:14:1|fibs:3:1|ansc:30:1|gej:26:1|lupc:1:1|vmm:12:1|scb:2:1|mdlc:54:1|icemu:1:1|hggnos:87:1|thpd:58:1|gist:122:1|ocsc:38:1|gccap:7:1|es:229:1|panet:86:1|pdc:8:1|urcc:48:1|adnos:4:1|aodg:43:1|ssrcc:12:1|imt:1:1|phch:1:1|tet:28:1|hcc:620:1|lggnos:544:1|thym:125:1|mds:28:1,pancreas:1059:745|lung:2761:570|bowel:1782:500|uterus:618:84|unk:357:42|esophagusstomach:1407:40|bladder:958:36|ovaryfallopiantube:699:25|biliarytract:358:21|testis:217:19|breast:2561:15|cervix:239:15|blood:890:13|ampullaofvater:23:10|softtissue:739:8|cnsbrain:2270:6|kidney:1304:5|prostate:1379:4|skin:974:4|headandneck:988:3|thyroid:618:3|lymph:366:2|thymus:162:2|vulvavagina:16:1|bone:297:1|liver:636:1,G,bowel,lung:58|bowel:36|uterus:11|unk:5|breast:4|bladder:3|blood:3|pancreas:3|cnsbrain:2|testis:2|ampullaofvater:1|cervix:1|esophagusstomach:1|lymph:1|ovaryfallopiantube:1|softtissue:1|thymus:1,134.0,OS3
4,13,28018483,28018483,T,C,exonic,FLT3,.,nonsynonymous SNV,FLT3:NM_004119:exon20:c.A2525G:p.Y842C,13q12.2,.,1.648e-05,0,0,0,0,2.998e-05,0,0,2.461e-05,6.535e-05,0,0,0,0,4.573e-05,0,0,.,.,.,.,.,.,.,.,rs376588714,0.0,0.912,D,1.0,0.899,D,1.0,0.971,D,0.000,0.629,D,1,0.810,D,2.17,0.609,M,-1.9,0.846,D,-8.17,0.968,D,0.982,0.985,0.682,0.930,D,0.765,0.920,D,0.293,0.907,D,6.406,0.884,29.6,0.998,0.916,0.992,0.921,D,c,0.849,0.823,1.000,0.747,0.554,0.283,0,5.84,0.934,8.017,0.886,1.061,0.807,1.000,0.715,0.973,0.468,16.283,0.825,Protein kinase domain|Protein kinase-like domain|Serine-threonine/tyrosine-protein kinase catalytic domain|Tyrosine-protein kinase\x2c catalytic domain,.,.,.,.,0.293007099215,362981,Acute_myeloid_leukemia,Human_Phenotype_Ontology:HP:0001914\x2cHuman_Phenotype_Ontology:HP:0004808\x2cHuman_Phenotype_Ontology:HP:0004843\x2cHuman_Phenotype_Ontology:HP:0005516\x2cHuman_Phenotype_Ontology:HP:0006724\x2cHuman_Phenotype_Ontology:HP:0006728\x2cMONDO:MONDO:0018874\x2cMeSH:D015470\x2cMedGen:C0023467\x2cOMIM:601626\x2cOrphanet:ORPHA519\x2cSNOMED_CT:17788007,no_assertion_criteria_provided,Likely_pathogenic,0.925,OP4,OP1,FLT3_Y842C,0,0,0.0,0,0.0,0,0,0,0,0,0,0,0,0.0,OP3
5,13,28018503,28018503,A,T,exonic,FLT3,.,nonsynonymous SNV,FLT3:NM_004119:exon20:c.T2505A:p.D835E,13q12.2,.,.,.,.,.,.,.,.,.,.,.,.,.,.,.,.,.,.,.,.,.,.,.,.,.,.,rs121913487,0.002,0.721,D,0.976,0.564,D,0.951,0.672,D,0.000,0.559,N,0.998,0.810,D,0.805,0.203,L,-1.66,0.827,D,-3.63,0.697,D,0.711,0.718,-0.159,0.787,T,0.487,0.805,T,0.226,0.881,D,4.537,0.607,24.3,0.995,0.664,0.878,0.471,D,c,-0.405,-0.512,0.971,0.292,0.554,0.283,0,-4.76,0.030,0.505,0.222,-0.549,0.047,0.998,0.411,0.988,0.529,16.688,0.851,Protein kinase domain|Protein kinase-like domain|Serine-threonine/tyrosine-protein kinase catalytic domain|Tyrosine-protein kinase\x2c catalytic domain,.,.,.,.,0.225817333818,362851,Acute_myeloid_leukemia,Human_Phenotype_Ontology:HP:0001914\x2cHuman_Phenotype_Ontology:HP:0004808\x2cHuman_Phenotype_Ontology:HP:0004843\x2cHuman_Phenotype_Ontology:HP:0005516\x2cHuman_Phenotype_Ontology:HP:0006724\x2cHuman_Phenotype_Ontology:HP:0006728\x2cMONDO:MONDO:0018874\x2cMeSH:D015470\x2cMedGen:C0023467\x2cOMIM:601626\x2cOrphanet:ORPHA519\x2cSNOMED_CT:17788007,no_assertion_criteria_provided,Pathogenic,0.629,OP4,OP1,FLT3_D835E,FLT3,835,17.0,D:17,529.0,E:3,Gat/Tat:11|gaT/gaA:2|Gat/Cat:2|gAt/gTt:1|gaT/gaG:1,13:28592642_13|13:28592640_3|13:28592641_1,aml:198:16|all:92:1,blood:890:17,D,blood,blood:3,3.0,OP3
6,13,28018504,28018505,TC,AT,exonic,FLT3,.,nonframeshift substitution,FLT3:NM_004119:exon20:c.2503_2504delinsAT:p.D835I,13q12.2,.,.,.,.,.,.,.,.,.,.,.,.,.,.,.,.,.,.,.,.,.,.,.,.,.,.,.,.,.,.,.,.,.,.,.,.,.,.,.,.,.,.,.,.,.,.,.,.,.,.,.,.,.,.,.,.,.,.,.,.,.,.,.,.,.,.,.,.,.,.,.,.,.,.,.,.,.,.,.,.,.,.,.,.,.,.,.,.,.,.,.,.,.,.,.,.,.,.,.,.,.,.,OP4,SBP1,FLT3_D835I,0,0,0.0,0,0.0,0,0,0,0,0,0,0,0,0.0,OP3
7,13,28018504,28018504,T,A,exonic,FLT3,.,nonsynonymous SNV,FLT3:NM_004119:exon20:c.A2504T:p.D835V,13q12.2,.,.,.,.,.,.,.,.,.,.,.,.,.,.,.,.,.,.,.,.,.,.,.,.,.,.,rs121909646,0.0,0.912,D,0.999,0.764,D,0.998,0.875,D,0.000,0.559,D,1,0.810,D,0.95,0.239,L,-1.74,0.834,D,-8.17,0.968,D,0.948,0.945,0.288,0.874,D,0.589,0.853,D,0.265,0.897,D,6.963,0.935,33,0.995,0.659,0.993,0.936,D,c,0.648,0.685,1.000,0.747,0.554,0.283,0,5.84,0.934,8.017,0.886,1.061,0.807,1.000,0.715,0.994,0.587,16.283,0.825,Protein kinase domain|Protein kinase-like domain|Serine-threonine/tyrosine-protein kinase catalytic domain|Tyrosine-protein kinase\x2c catalytic domain,.,.,.,.,0.264924784705,31311,Acute_myeloid_leukemia|Acute_lymphoid_leukemia,Human_Phenotype_Ontology:HP:0001914\x2cHuman_Phenotype_Ontology:HP:0004808\x2cHuman_Phenotype_Ontology:HP:0004843\x2cHuman_Phenotype_Ontology:HP:0005516\x2cHuman_Phenotype_Ontology:HP:0006724\x2cHuman_Phenotype_Ontology:HP:0006728\x2cMONDO:MONDO:0018874\x2cMeSH:D015470\x2cMedGen:C0023467\x2cOMIM:601626\x2cOrphanet:ORPHA519\x2cSNOMED_CT:17788007|Human_Phenotype_Ontology:HP:0004803\x2cHuman_Phenotype_Ontology:HP:0005555\x2cHuman_Phenotype_Ontology:HP:0006721\x2cMONDO:MONDO:0004967\x2cMedGen:C0023449\x2cOMIM:613065\x2cOrphanet:ORPHA513\x2cSNOMED_CT:128822004\x2cSNOMED_CT:91857003,no_assertion_criteria_provided,Pathogenic,0.894,OP4,OP1,FLT3_D835V,FLT3,835,17.0,D:17,529.0,V:1,Gat/Tat:11|gaT/gaA:2|Gat/Cat:2|gAt/gTt:1|gaT/gaG:1,13:28592642_13|13:28592640_3|13:28592641_1,aml:198:16|all:92:1,blood:890:17,D,blood,blood:1,1.0,OP3
8,13,28018505,28018505,C,G,exonic,FLT3,.,nonsynonymous SNV,FLT3:NM_004119:exon20:c.G2503C:p.D835H,13q12.2,.,.,.,.,.,.,.,.,.,.,.,.,.,.,.,.,.,.,.,.,.,.,.,.,.,.,rs121913488,0.015,0.524,D,1.0,0.899,D,0.998,0.875,D,0.000,0.559,D,1,0.810,D,1.295,0.326,L,-1.77,0.837,D,-6.34,0.909,D,0.915,0.906,0.374,0.887,D,0.670,0.886,D,0.088,0.751,D,6.967,0.935,33,0.996,0.739,0.994,0.955,D,c,0.784,0.800,1.000,0.747,0.554,0.283,0,5.84,0.934,7.905,0.864,0.935,0.490,1.000,0.715,0.996,0.625,20.221,0.983,Protein kinase domain|Protein kinase-like domain|Serine-threonine/tyrosine-protein kinase catalytic domain|Tyrosine-protein kinase\x2c catalytic domain,.,.,.,.,0.0876328368379,31312,Acute_myeloid_leukemia,Human_Phenotype_Ontology:HP:0001914\x2cHuman_Phenotype_Ontology:HP:0004808\x2cHuman_Phenotype_Ontology:HP:0004843\x2cHuman_Phenotype_Ontology:HP:0005516\x2cHuman_Phenotype_Ontology:HP:0006724\x2cHuman_Phenotype_Ontology:HP:0006728\x2cMONDO:MONDO:0018874\x2cMeSH:D015470\x2cMedGen:C0023467\x2cOMIM:601626\x2cOrphanet:ORPHA519\x2cSNOMED_CT:17788007,no_assertion_criteria_provided,Pathogenic,0.878,OP4,OP1,FLT3_D835H,FLT3,835,17.0,D:17,529.0,H:2,Gat/Tat:11|gaT/gaA:2|Gat/Cat:2|gAt/gTt:1|gaT/gaG:1,13:28592642_13|13:28592640_3|13:28592641_1,aml:198:16|all:92:1,blood:890:17,D,blood,blood:2,2.0,OP3
9,13,28018505,28018505,C,A,exonic,FLT3,.,nonsynonymous SNV,FLT3:NM_004119:exon20:c.G2503T:p.D835Y,13q12.2,.,.,.,.,.,.,.,.,.,.,.,.,.,.,.,.,.,.,.,.,.,.,.,.,.,.,rs121913488,0.001,0.784,D,1.0,0.899,D,0.999,0.916,D,0.000,0.559,D,1,0.810,D,1.42,0.358,L,-1.76,0.836,D,-8.17,0.968,D,0.949,0.945,0.312,0.878,D,0.631,0.871,D,0.084,0.743,D,7.508,0.952,34,0.995,0.685,0.994,0.951,D,c,0.737,0.770,1.000,0.747,0.554,0.283,0,5.84,0.934,7.905,0.864,0.935,0.490,1.000,0.715,0.996,0.625,20.221,0.983,Protein kinase domain|Protein kinase-like domain|Serine-threonine/tyrosine-protein kinase catalytic domain|Tyrosine-protein kinase\x2c catalytic domain,.,.,.,.,0.0837176557721,31315,Acute_myeloid_leukemia|Acute_lymphoid_leukemia,Human_Phenotype_Ontology:HP:0001914\x2cHuman_Phenotype_Ontology:HP:0004808\x2cHuman_Phenotype_Ontology:HP:0004843\x2cHuman_Phenotype_Ontology:HP:0005516\x2cHuman_Phenotype_Ontology:HP:0006724\x2cHuman_Phenotype_Ontology:HP:0006728\x2cMONDO:MONDO:0018874\x2cMeSH:D015470\x2cMedGen:C0023467\x2cOMIM:601626\x2cOrphanet:ORPHA519\x2cSNOMED_CT:17788007|Human_Phenotype_Ontology:HP:0004803\x2cHuman_Phenotype_Ontology:HP:0005555\x2cHuman_Phenotype_Ontology:HP:0006721\x2cMONDO:MONDO:0004967\x2cMedGen:C0023449\x2cOMIM:613065\x2cOrphanet:ORPHA513\x2cSNOMED_CT:128822004\x2cSNOMED_CT:91857003,no_assertion_criteria_provided,Pathogenic,0.875,OP4,OP1,FLT3_D835Y,FLT3,835,17.0,D:17,529.0,Y:11,Gat/Tat:11|gaT/gaA:2|Gat/Cat:2|gAt/gTt:1|gaT/gaG:1,13:28592642_13|13:28592640_3|13:28592641_1,aml:198:16|all:92:1,blood:890:17,D,blood,blood:11,11.0,OM3
10,13,28027217,28027217,T,C,exonic,FLT3,.,nonsynonymous SNV,FLT3:NM_004119:exon17:c.A2078G:p.Y693C,13q12.2,.,.,.,.,.,.,.,.,.,.,.,.,.,.,.,.,.,.,.,.,.,.,.,.,.,.,.,0.001,0.784,D,1.0,0.899,D,0.999,0.916,D,0.000,0.629,D,1,0.810,D,2.53,0.740,M,-2.91,0.917,D,-8.58,0.974,D,0.94,0.934,0.942,0.963,D,0.875,0.958,D,0.214,0.875,D,5.972,0.821,27.7,0.998,0.898,0.991,0.917,D,c,0.818,0.801,1.000,0.747,0.554,0.283,0,6.03,0.978,6.160,0.715,1.061,0.807,1.000,0.715,1.000,0.888,16.558,0.843,Protein kinase domain|Protein kinase-like domain|Serine-threonine/tyrosine-protein kinase catalytic domain|Tyrosine-protein kinase\x2c catalytic domain,.,.,.,.,0.214409313169,.,.,.,.,.,0.883,OP4,OP1,FLT3_Y693C,0,0,0.0,0,0.0,0,0,0,0,0,0,0,0,0.0,OP3
11,13,28027218,28027218,A,T,exonic,FLT3,.,nonsynonymous SNV,FLT3:NM_004119:exon17:c.T2077A:p.Y693N,13q12.2,.,.,.,.,.,.,.,.,.,.,.,.,.,.,.,.,.,.,.,.,.,.,.,.,.,.,.,0.014,0.531,D,1.0,0.899,D,0.999,0.916,D,0.000,0.629,D,1,0.810,D,2.785,0.815,M,-2.91,0.917,D,-8.6,0.975,D,0.891,0.880,0.981,0.969,D,0.888,0.963,D,0.298,0.908,D,6.530,0.899,31,0.991,0.521,0.997,0.984,D,c,0.963,0.931,1.000,0.747,0.554,0.283,0,6.03,0.978,9.308,0.953,1.199,0.960,1.000,0.715,1.000,0.888,16.558,0.843,Protein kinase domain|Protein kinase-like domain|Serine-threonine/tyrosine-protein kinase catalytic domain|Tyrosine-protein kinase\x2c catalytic domain,.,.,.,.,0.297566568267,.,.,.,.,.,0.917,OP4,OP1,FLT3_Y693N,0,0,0.0,0,0.0,0,0,0,0,0,0,0,0,0.0,OP3
12,13,28027222,28027222,A,C,exonic,FLT3,.,nonsynonymous SNV,FLT3:NM_004119:exon17:c.T2073G:p.F691L,13q12.2,.,.,.,.,.,.,.,.,.,.,.,.,.,.,.,.,.,.,.,.,.,.,.,.,.,.,.,0.31,0.140,T,0.999,0.764,D,0.99,0.774,D,0.000,0.843,D,1.000,0.479,D,-0.5,0.026,N,-2.33,0.879,D,-1.76,0.416,N,0.704,0.735,-0.066,0.809,T,0.502,0.812,D,0.096,0.767,D,4.970,0.668,25.1,0.998,0.923,0.943,0.606,D,c,0.034,0.164,1.000,0.517,0.554,0.283,0,4.86,0.625,2.103,0.412,0.237,0.263,1.000,0.715,1.000,0.888,11.963,0.521,Protein kinase domain|Protein kinase-like domain|Serine-threonine/tyrosine-protein kinase catalytic domain|Tyrosine-protein kinase\x2c catalytic domain,.,.,.,.,0.0964035798672,362984,Acute_myeloid_leukemia,Human_Phenotype_Ontology:HP:0001914\x2cHuman_Phenotype_Ontology:HP:0004808\x2cHuman_Phenotype_Ontology:HP:0004843\x2cHuman_Phenotype_Ontology:HP:0005516\x2cHuman_Phenotype_Ontology:HP:0006724\x2cHuman_Phenotype_Ontology:HP:0006728\x2cMONDO:MONDO:0018874\x2cMeSH:D015470\x2cMedGen:C0023467\x2cOMIM:601626\x2cOrphanet:ORPHA519\x2cSNOMED_CT:17788007,no_assertion_criteria_provided,Likely_pathogenic,0.632,OP4,OP1,FLT3_F691L,0,0,0.0,0,0.0,0,0,0,0,0,0,0,0,0.0,OP3
13,13,28028203,28028203,G,T,exonic,FLT3,.,nonsynonymous SNV,FLT3:NM_004119:exon16:c.C2028A:p.N676K,13q12.2,.,.,.,.,.,.,.,.,.,.,.,.,.,.,.,.,.,.,.,.,.,.,.,.,.,.,.,0.0,0.912,D,1.0,0.899,D,0.999,0.916,D,0.000,0.843,D,0.996,0.428,D,0.145,0.088,N,-2.34,0.880,D,-5.77,0.879,D,0.396,0.470,0.019,0.826,D,0.552,0.836,D,0.109,0.786,D,3.360,0.462,22.9,0.983,0.395,0.823,0.413,D,c,-1.033,-1.143,1.000,0.747,0.615,0.372,0,-6.5,0.017,0.343,0.195,-0.530,0.049,0.992,0.373,0.985,0.512,20.04,0.976,Protein kinase domain|Protein kinase-like domain|Serine-threonine/tyrosine-protein kinase catalytic domain|Tyrosine-protein kinase\x2c catalytic domain|Tyrosine-protein kinase\x2c receptor class III\x2c conserved site,.,.,.,.,0.108688019891,362988,Acute_myeloid_leukemia,Human_Phenotype_Ontology:HP:0001914\x2cHuman_Phenotype_Ontology:HP:0004808\x2cHuman_Phenotype_Ontology:HP:0004843\x2cHuman_Phenotype_Ontology:HP:0005516\x2cHuman_Phenotype_Ontology:HP:0006724\x2cHuman_Phenotype_Ontology:HP:0006728\x2cMONDO:MONDO:0018874\x2cMeSH:D015470\x2cMedGen:C0023467\x2cOMIM:601626\x2cOrphanet:ORPHA519\x2cSNOMED_CT:17788007,no_assertion_criteria_provided,Likely_pathogenic,0.465,OP4,OP1,FLT3_N676K,0,0,0.0,0,0.0,0,0,0,0,0,0,0,0,0.0,OP3
14,2,208242060,208242060,C,T,exonic,IDH1,.,nonsynonymous SNV,"IDH1:NM_001282386:exon7:c.G784A:p.E262K,IDH1:NM_001282387:exon7:c.G784A:p.E262K,IDH1:NM_005896:exon7:c.G784A:p.E262K",2q34,.,.,.,.,.,.,.,.,.,.,.,.,.,.,.,.,.,.,.,.,.,.,.,.,.,.,.,0.032,0.446,D,0.919,0.489,P,0.467,0.449,P,0.000,0.843,D,1,0.810,D,1.955,0.530,M,-0.47,0.701,T,-1.72,0.408,N,0.596,0.624,-0.381,0.726,T,0.349,0.713,T,0.024,0.470,T,4.987,0.671,25.1,0.999,0.988,0.934,0.579,D,c,0.557,0.630,1.000,0.747,0.707,0.730,0,6.17,0.997,6.124,0.711,0.935,0.490,1.000,0.715,0.995,0.604,20.879,0.999,Isopropylmalate dehydrogenase-like domain,.,.,.,.,0.0238719972834,626059,Lymphoma,Human_Phenotype_Ontology:HP:0002665\x2cMONDO:MONDO:0005062\x2cMeSH:D008223\x2cMedGen:C0024299\x2cOrphanet:ORPHA223735,no_assertion_criteria_provided,Uncertain_significance,0.264,OP4,SBP1,IDH1_E262K,0,0,0.0,0,0.0,0,0,0,0,0,0,0,0,0.0,OP3
15,2,208243466,208243466,T,C,exonic,IDH1,.,nonsynonymous SNV,"IDH1:NM_001282386:exon6:c.A659G:p.D220G,IDH1:NM_001282387:exon6:c.A659G:p.D220G,IDH1:NM_005896:exon6:c.A659G:p.D220G",2q34,.,8.251e-05,0.0002,0,0,0,0.0001,0,0,5.687e-05,0,0,0,0,0,0.0001,0,0,.,.,.,.,.,.,.,.,rs142801125,0.001,0.784,D,0.996,0.670,D,0.913,0.631,D,0.000,0.843,D,1,0.810,D,4.535,0.991,H,-1.28,0.794,T,-6.48,0.915,D,0.938,0.932,0.929,0.961,D,0.802,0.933,D,0.417,0.937,D,6.683,0.915,32,0.999,0.947,0.969,0.711,D,c,1.032,0.938,1.000,0.747,0.732,0.924,0,5.76,0.907,7.970,0.875,1.061,0.807,1.000,0.715,1.000,0.888,16.082,0.807,Isopropylmalate dehydrogenase-like domain,.,.,.,.,0.417115451694,138258,not_specified,MedGen:CN169374,no_assertion_provided,not_provided,0.908,OP4,OP1,IDH1_D220G,0,0,0.0,0,0.0,0,0,0,0,0,0,0,0,0.0,OP3
16,2,208243593,208243593,C,T,exonic,IDH1,.,nonsynonymous SNV,"IDH1:NM_001282386:exon6:c.G532A:p.V178I,IDH1:NM_001282387:exon6:c.G532A:p.V178I,IDH1:NM_005896:exon6:c.G532A:p.V178I",2q34,.,0.0500,0.0788,0.0374,0.0072,0.0250,0.0557,0.0331,0.0512,0.0486,0.0786,0.0358,0.0866,0.0062,0.0250,0.0551,0.0595,0.0509,0.0554,0.0794,0.0310,0.0795,0.0099,0.0278,0.0545,0.0440,rs34218846,0.104,0.299,T,0.992,0.629,D,0.984,0.745,D,0.000,0.843,D,1,0.810,D,1.28,0.323,L,-1.08,0.771,T,-0.85,0.232,N,0.205,0.258,-0.586,0.654,T,0.083,0.325,T,.,.,.,3.891,0.524,23.5,0.996,0.767,0.989,0.884,D,c,0.734,0.742,1.000,0.747,0.707,0.730,0,5.52,0.821,7.685,0.833,0.892,0.403,1.000,0.715,0.998,0.697,19.797,0.965,Isopropylmalate dehydrogenase-like domain,.,.,.,.,.,138259,not_specified,MedGen:CN169374,criteria_provided\x2c_single_submitter,Benign,0.421,SBVS1,SBP1,IDH1_V178I,0,0,0.0,0,0.0,0,0,0,0,0,0,0,0,0.0,OP3
17,2,208248388,208248388,C,T,exonic,IDH1,.,nonsynonymous SNV,"IDH1:NM_001282386:exon4:c.G395A:p.R132H,IDH1:NM_001282387:exon4:c.G395A:p.R132H,IDH1:NM_005896:exon4:c.G395A:p.R132H",2q34,.,1.648e-05,0,0,0,0,2.997e-05,0,0,0,0,0,0,0,0,0,0,0,.,.,.,.,.,.,.,.,rs121913500,0.014,0.531,D,0.127,0.254,B,0.06,0.253,B,0.000,0.843,D,1,0.810,D,4.54,0.991,H,-2.19,0.868,D,-4.44,0.819,D,0.802,0.803,0.587,0.917,D,0.782,0.926,D,0.561,0.960,D,7.592,0.953,34,0.999,0.984,0.941,0.598,D,c,0.398,0.427,1.000,0.747,0.707,0.730,0,4.69,0.584,6.171,0.716,0.852,0.362,1.000,0.715,0.997,0.653,14.378,0.663,Isopropylmalate dehydrogenase-like domain,.,.,.,.,0.560930781166,166215,Hepatocellular_carcinoma|Acute_myeloid_leukemia|Medulloblastoma|Transitional_cell_carcinoma_of_the_bladder|Multiple_myeloma|Astrocytoma|Breast_neoplasm|Brainstem_glioma|Malignant_melanoma_of_skin|Lung_adenocarcinoma|Neoplasm_of_brain|Neoplasm_of_the_large_intestine|Adenoid_cystic_carcinoma|Adenocarcinoma_of_prostate|Metaphyseal_enchondromatosis_with_d-2-hydroxyglutaric_aciduria|Oligodendroglioma|Glioblastoma|Myelodysplastic_syndrome|Glioblastoma_multiforme\x2c_somatic|not_provided,Human_Phenotype_Ontology:HP:0001402\x2cHuman_Phenotype_Ontology:HP:0002899\x2cHuman_Phenotype_Ontology:HP:0003007\x2cHuman_Phenotype_Ontology:HP:0006750\x2cMedGen:C2239176\x2cOMIM:114550\x2cOrphanet:ORPHA88673\x2cSNOMED_CT:187769009\x2cSNOMED_CT:25370001|Human_Phenotype_Ontology:HP:0001914\x2cHuman_Phenotype_Ontology:HP:0004808\x2cHuman_Phenotype_Ontology:HP:0004843\x2cHuman_Phenotype_Ontology:HP:0005516\x2cHuman_Phenotype_Ontology:HP:0006724\x2cHuman_Phenotype_Ontology:HP:0006728\x2cMONDO:MONDO:0018874\x2cMeSH:D015470\x2cMedGen:C0023467\x2cOMIM:601626\x2cOrphanet:ORPHA519\x2cSNOMED_CT:17788007|Human_Phenotype_Ontology:HP:0002885\x2cMONDO:MONDO:0007959\x2cMeSH:D008527\x2cMedGen:C0025149\x2cOMIM:155255\x2cOrphanet:ORPHA616|Human_Phenotype_Ontology:HP:0006740\x2cMONDO:MONDO:0005611\x2cMedGen:C0279680|Human_Phenotype_Ontology:HP:0006775\x2cMONDO:MONDO:0009693\x2cMeSH:D009101\x2cMedGen:C0026764\x2cOMIM:254500\x2cOrphanet:ORPHA29073\x2cSNOMED_CT:109989006\x2cSNOMED_CT:55921005|Human_Phenotype_Ontology:HP:0009592\x2cMONDO:MONDO:0019781\x2cMeSH:D001254\x2cMedGen:C0004114\x2cSNOMED_CT:38713004|Human_Phenotype_Ontology:HP:0010623\x2cHuman_Phenotype_Ontology:HP:0100013\x2cMONDO:MONDO:0021100\x2cMeSH:D001943\x2cMedGen:C1458155\x2cSNOMED_CT:126926005|Human_Phenotype_Ontology:HP:0010796\x2cMONDO:MONDO:0002911\x2cMedGen:C0677865|Human_Phenotype_Ontology:HP:0012056\x2cMONDO:MONDO:0005012\x2cMeSH:C562393\x2cMedGen:C0151779\x2cSNOMED_CT:93655004|Human_Phenotype_Ontology:HP:0030078\x2cMONDO:MONDO:0005061\x2cMeSH:D000077192\x2cMedGen:C0152013|Human_Phenotype_Ontology:HP:0030692\x2cMONDO:MONDO:0021211\x2cMeSH:D001932\x2cMedGen:C0006118\x2cSNOMED_CT:126952004|Human_Phenotype_Ontology:HP:0100834\x2cMeSH:D015179\x2cMedGen:C0009404\x2cSNOMED_CT:126837005|MONDO:MONDO:0004971\x2cMeSH:D003528\x2cMedGen:C0010606|MONDO:MONDO:0005082\x2cMedGen:C0007112|MONDO:MONDO:0013941\x2cMedGen:C3553958\x2cOMIM:614875\x2cOrphanet:ORPHA99646|MONDO:MONDO:0016695\x2cMeSH:D009837\x2cMedGen:C0751396\x2cOrphanet:ORPHA251627\x2cSNOMED_CT:443936004|MONDO:MONDO:0018177\x2cMeSH:D005909\x2cMedGen:C0017636\x2cOrphanet:ORPHA360\x2cSNOMED_CT:63634009|MONDO:MONDO:0018881\x2cMeSH:D009190\x2cMedGen:C3463824\x2cOMIM:614286\x2cOrphanet:ORPHA52688|MedGen:C4016231|MedGen:CN517202,criteria_provided\x2c_multiple_submitters\x2c_no_conflicts,Pathogenic,0.852,OP4,OP1,IDH1_R132H,IDH1,132,766.0,R:766,916.0,H:570,cGt/cAt:570|Cgt/Tgt:139|Cgt/Ggt:28|Cgt/Agt:16|cGt/cTt:12|CGt/ATt:1,2:209113112_583|2:209113113_183,lggnos:544:424|aastr:82:39|gbm:688:38|aodg:43:32|odg:36:32|ihch:104:30|skcm:787:25|chol:152:24|astr:32:22|aml:198:19|aoast:14:13|prad:1366:11|luad:2057:8|hggnos:87:5|chs:12:5|hcc:620:4|oast:4:4|mm:275:3|ehch:27:3|coadread:683:3|acyc:117:2|blca:852:2|mbl:300:1|unk:146:1|sbc:33:1|mup:42:1|astb:1:1|idc:870:1|coad:712:1|dipg:2:1|paad:932:1|thme:15:1|paac:14:1|ddchs:3:1|mychs:3:1|brca:1345:1|sarc:280:1|phc:181:1|thym:125:1|mds:28:1,cnsbrain:2270:612|biliarytract:358:57|skin:974:25|blood:890:23|prostate:1379:11|lung:2761:8|bone:297:6|bowel:1782:5|liver:636:4|headandneck:988:2|unk:357:2|breast:2561:2|pancreas:1059:2|softtissue:739:2|bladder:958:2|thyroid:618:1|adrenalgland:291:1|thymus:162:1,R,cnsbrain,cnsbrain:553|prostate:6|blood:5|headandneck:2|bladder:1|bone:1|lung:1|pancreas:1,570.0,OS3
18,2,208248389,208248389,G,T,exonic,IDH1,.,nonsynonymous SNV,"IDH1:NM_001282386:exon4:c.C394A:p.R132S,IDH1:NM_001282387:exon4:c.C394A:p.R132S,IDH1:NM_005896:exon4:c.C394A:p.R132S",2q34,.,.,.,.,.,.,.,.,.,.,.,.,.,.,.,.,.,.,.,.,.,.,.,.,.,.,rs121913499,0.0,0.912,D,0.981,0.577,D,0.878,0.605,P,0.000,0.843,D,1,0.810,D,4.54,0.991,H,-2.18,0.867,D,-5.27,0.892,D,0.978,0.980,1.048,0.981,D,0.886,0.962,D,0.612,0.966,D,6.880,0.930,33,0.998,0.903,0.922,0.549,D,c,1.036,0.940,1.000,0.747,0.707,0.730,0,5.57,0.840,7.103,0.765,0.953,0.551,1.000,0.715,0.998,0.697,19.534,0.952,Isopropylmalate dehydrogenase-like domain,.,.,.,.,0.612118206497,362772,Hepatocellular_carcinoma|Acute_myeloid_leukemia|Medulloblastoma|Transitional_cell_carcinoma_of_the_bladder|Multiple_myeloma|Astrocytoma|Breast_neoplasm|Brainstem_glioma|Malignant_melanoma_of_skin|Lung_adenocarcinoma|Neoplasm_of_brain|Neoplasm_of_the_large_intestine|Adenoid_cystic_carcinoma|Adenocarcinoma_of_prostate|Glioblastoma|Myelodysplastic_syndrome,Human_Phenotype_Ontology:HP:0001402\x2cHuman_Phenotype_Ontology:HP:0002899\x2cHuman_Phenotype_Ontology:HP:0003007\x2cHuman_Phenotype_Ontology:HP:0006750\x2cMedGen:C2239176\x2cOMIM:114550\x2cOrphanet:ORPHA88673\x2cSNOMED_CT:187769009\x2cSNOMED_CT:25370001|Human_Phenotype_Ontology:HP:0001914\x2cHuman_Phenotype_Ontology:HP:0004808\x2cHuman_Phenotype_Ontology:HP:0004843\x2cHuman_Phenotype_Ontology:HP:0005516\x2cHuman_Phenotype_Ontology:HP:0006724\x2cHuman_Phenotype_Ontology:HP:0006728\x2cMONDO:MONDO:0018874\x2cMeSH:D015470\x2cMedGen:C0023467\x2cOMIM:601626\x2cOrphanet:ORPHA519\x2cSNOMED_CT:17788007|Human_Phenotype_Ontology:HP:0002885\x2cMONDO:MONDO:0007959\x2cMeSH:D008527\x2cMedGen:C0025149\x2cOMIM:155255\x2cOrphanet:ORPHA616|Human_Phenotype_Ontology:HP:0006740\x2cMONDO:MONDO:0005611\x2cMedGen:C0279680|Human_Phenotype_Ontology:HP:0006775\x2cMONDO:MONDO:0009693\x2cMeSH:D009101\x2cMedGen:C0026764\x2cOMIM:254500\x2cOrphanet:ORPHA29073\x2cSNOMED_CT:109989006\x2cSNOMED_CT:55921005|Human_Phenotype_Ontology:HP:0009592\x2cMONDO:MONDO:0019781\x2cMeSH:D001254\x2cMedGen:C0004114\x2cSNOMED_CT:38713004|Human_Phenotype_Ontology:HP:0010623\x2cHuman_Phenotype_Ontology:HP:0100013\x2cMONDO:MONDO:0021100\x2cMeSH:D001943\x2cMedGen:C1458155\x2cSNOMED_CT:126926005|Human_Phenotype_Ontology:HP:0010796\x2cMONDO:MONDO:0002911\x2cMedGen:C0677865|Human_Phenotype_Ontology:HP:0012056\x2cMONDO:MONDO:0005012\x2cMeSH:C562393\x2cMedGen:C0151779\x2cSNOMED_CT:93655004|Human_Phenotype_Ontology:HP:0030078\x2cMONDO:MONDO:0005061\x2cMeSH:D000077192\x2cMedGen:C0152013|Human_Phenotype_Ontology:HP:0030692\x2cMONDO:MONDO:0021211\x2cMeSH:D001932\x2cMedGen:C0006118\x2cSNOMED_CT:126952004|Human_Phenotype_Ontology:HP:0100834\x2cMeSH:D015179\x2cMedGen:C0009404\x2cSNOMED_CT:126837005|MONDO:MONDO:0004971\x2cMeSH:D003528\x2cMedGen:C0010606|MONDO:MONDO:0005082\x2cMedGen:C0007112|MONDO:MONDO:0018177\x2cMeSH:D005909\x2cMedGen:C0017636\x2cOrphanet:ORPHA360\x2cSNOMED_CT:63634009|MONDO:MONDO:0018881\x2cMeSH:D009190\x2cMedGen:C3463824\x2cOMIM:614286\x2cOrphanet:ORPHA52688,no_assertion_criteria_provided,Pathogenic/Likely_pathogenic,0.904,OP4,OP1,IDH1_R132S,IDH1,132,766.0,R:766,916.0,S:16,cGt/cAt:570|Cgt/Tgt:139|Cgt/Ggt:28|Cgt/Agt:16|cGt/cTt:12|CGt/ATt:1,2:209113112_583|2:209113113_183,lggnos:544:424|aastr:82:39|gbm:688:38|aodg:43:32|odg:36:32|ihch:104:30|skcm:787:25|chol:152:24|astr:32:22|aml:198:19|aoast:14:13|prad:1366:11|luad:2057:8|hggnos:87:5|chs:12:5|hcc:620:4|oast:4:4|mm:275:3|ehch:27:3|coadread:683:3|acyc:117:2|blca:852:2|mbl:300:1|unk:146:1|sbc:33:1|mup:42:1|astb:1:1|idc:870:1|coad:712:1|dipg:2:1|paad:932:1|thme:15:1|paac:14:1|ddchs:3:1|mychs:3:1|brca:1345:1|sarc:280:1|phc:181:1|thym:125:1|mds:28:1,cnsbrain:2270:612|biliarytract:358:57|skin:974:25|blood:890:23|prostate:1379:11|lung:2761:8|bone:297:6|bowel:1782:5|liver:636:4|headandneck:988:2|unk:357:2|breast:2561:2|pancreas:1059:2|softtissue:739:2|bladder:958:2|thyroid:618:1|adrenalgland:291:1|thymus:162:1,R,cnsbrain,cnsbrain:13|blood:2|biliarytract:1,16.0,OS3
19,2,208248389,208248389,G,A,exonic,IDH1,.,nonsynonymous SNV,"IDH1:NM_001282386:exon4:c.C394T:p.R132C,IDH1:NM_001282387:exon4:c.C394T:p.R132C,IDH1:NM_005896:exon4:c.C394T:p.R132C",2q34,.,.,.,.,.,.,.,.,.,0,0,0,0,0,0,0,0,0,.,.,.,.,.,.,.,.,rs121913499,0.025,0.912,D,0.259,0.297,B,0.126,0.311,B,0.000,0.843,D,1,0.810,D,4.54,0.991,H,-2.2,0.869,D,-6.68,0.963,D,0.978,0.981,0.732,0.936,D,0.809,0.936,D,0.531,0.956,D,7.432,0.951,34,0.999,0.993,0.965,0.695,D,c,0.603,0.636,1.000,0.747,0.707,0.730,0,5.57,0.840,7.103,0.765,0.953,0.551,1.000,0.715,0.998,0.697,19.534,0.952,Isopropylmalate dehydrogenase-like domain,.,.,.,.,0.530890426099,362770,Hepatocellular_carcinoma|Acute_myeloid_leukemia|Medulloblastoma|Transitional_cell_carcinoma_of_the_bladder|Multiple_myeloma|Astrocytoma|Breast_neoplasm|Brainstem_glioma|Malignant_melanoma_of_skin|Lung_adenocarcinoma|Neoplasm_of_brain|Neoplasm_of_the_large_intestine|Adenoid_cystic_carcinoma|Adenocarcinoma_of_prostate|Glioblastoma|Myelodysplastic_syndrome|not_provided,Human_Phenotype_Ontology:HP:0001402\x2cHuman_Phenotype_Ontology:HP:0002899\x2cHuman_Phenotype_Ontology:HP:0003007\x2cHuman_Phenotype_Ontology:HP:0006750\x2cMedGen:C2239176\x2cOMIM:114550\x2cOrphanet:ORPHA88673\x2cSNOMED_CT:187769009\x2cSNOMED_CT:25370001|Human_Phenotype_Ontology:HP:0001914\x2cHuman_Phenotype_Ontology:HP:0004808\x2cHuman_Phenotype_Ontology:HP:0004843\x2cHuman_Phenotype_Ontology:HP:0005516\x2cHuman_Phenotype_Ontology:HP:0006724\x2cHuman_Phenotype_Ontology:HP:0006728\x2cMONDO:MONDO:0018874\x2cMeSH:D015470\x2cMedGen:C0023467\x2cOMIM:601626\x2cOrphanet:ORPHA519\x2cSNOMED_CT:17788007|Human_Phenotype_Ontology:HP:0002885\x2cMONDO:MONDO:0007959\x2cMeSH:D008527\x2cMedGen:C0025149\x2cOMIM:155255\x2cOrphanet:ORPHA616|Human_Phenotype_Ontology:HP:0006740\x2cMONDO:MONDO:0005611\x2cMedGen:C0279680|Human_Phenotype_Ontology:HP:0006775\x2cMONDO:MONDO:0009693\x2cMeSH:D009101\x2cMedGen:C0026764\x2cOMIM:254500\x2cOrphanet:ORPHA29073\x2cSNOMED_CT:109989006\x2cSNOMED_CT:55921005|Human_Phenotype_Ontology:HP:0009592\x2cMONDO:MONDO:0019781\x2cMeSH:D001254\x2cMedGen:C0004114\x2cSNOMED_CT:38713004|Human_Phenotype_Ontology:HP:0010623\x2cHuman_Phenotype_Ontology:HP:0100013\x2cMONDO:MONDO:0021100\x2cMeSH:D001943\x2cMedGen:C1458155\x2cSNOMED_CT:126926005|Human_Phenotype_Ontology:HP:0010796\x2cMONDO:MONDO:0002911\x2cMedGen:C0677865|Human_Phenotype_Ontology:HP:0012056\x2cMONDO:MONDO:0005012\x2cMeSH:C562393\x2cMedGen:C0151779\x2cSNOMED_CT:93655004|Human_Phenotype_Ontology:HP:0030078\x2cMONDO:MONDO:0005061\x2cMeSH:D000077192\x2cMedGen:C0152013|Human_Phenotype_Ontology:HP:0030692\x2cMONDO:MONDO:0021211\x2cMeSH:D001932\x2cMedGen:C0006118\x2cSNOMED_CT:126952004|Human_Phenotype_Ontology:HP:0100834\x2cMeSH:D015179\x2cMedGen:C0009404\x2cSNOMED_CT:126837005|MONDO:MONDO:0004971\x2cMeSH:D003528\x2cMedGen:C0010606|MONDO:MONDO:0005082\x2cMedGen:C0007112|MONDO:MONDO:0018177\x2cMeSH:D005909\x2cMedGen:C0017636\x2cOrphanet:ORPHA360\x2cSNOMED_CT:63634009|MONDO:MONDO:0018881\x2cMeSH:D009190\x2cMedGen:C3463824\x2cOMIM:614286\x2cOrphanet:ORPHA52688|MedGen:CN517202,criteria_provided\x2c_multiple_submitters\x2c_no_conflicts,Pathogenic/Likely_pathogenic,0.814,OP4,OP1,IDH1_R132C,IDH1,132,766.0,R:766,916.0,C:139,cGt/cAt:570|Cgt/Tgt:139|Cgt/Ggt:28|Cgt/Agt:16|cGt/cTt:12|CGt/ATt:1,2:209113112_583|2:209113113_183,lggnos:544:424|aastr:82:39|gbm:688:38|aodg:43:32|odg:36:32|ihch:104:30|skcm:787:25|chol:152:24|astr:32:22|aml:198:19|aoast:14:13|prad:1366:11|luad:2057:8|hggnos:87:5|chs:12:5|hcc:620:4|oast:4:4|mm:275:3|ehch:27:3|coadread:683:3|acyc:117:2|blca:852:2|mbl:300:1|unk:146:1|sbc:33:1|mup:42:1|astb:1:1|idc:870:1|coad:712:1|dipg:2:1|paad:932:1|thme:15:1|paac:14:1|ddchs:3:1|mychs:3:1|brca:1345:1|sarc:280:1|phc:181:1|thym:125:1|mds:28:1,cnsbrain:2270:612|biliarytract:358:57|skin:974:25|blood:890:23|prostate:1379:11|lung:2761:8|bone:297:6|bowel:1782:5|liver:636:4|headandneck:988:2|unk:357:2|breast:2561:2|pancreas:1059:2|softtissue:739:2|bladder:958:2|thyroid:618:1|adrenalgland:291:1|thymus:162:1,R,cnsbrain,biliarytract:48|cnsbrain:26|skin:23|blood:15|lung:5|bowel:4|prostate:4|bone:3|breast:2|liver:2|unk:2|adrenalgland:1|bladder:1|pancreas:1|softtissue:1|thymus:1,139.0,OS3
20,2,208248572,208248572,C,T,exonic,IDH1,.,nonsynonymous SNV,"IDH1:NM_001282386:exon4:c.G211A:p.V71I,IDH1:NM_001282387:exon4:c.G211A:p.V71I,IDH1:NM_005896:exon4:c.G211A:p.V71I",2q34,.,0.0042,0.0440,0.0032,0,0,0.0002,0.0022,0,0.0034,0.0455,0.0026,0,5.798e-05,0,0.0003,0.0038,0.0001,0.0124,0.0431,0.0012,0,0,0,0.0003,0.0031,rs73070954,1.0,0.053,T,0.0,0.026,B,0.001,0.040,B,0.000,0.504,N,0.975,0.391,D,-0.315,0.036,N,-0.08,0.639,T,0.43,0.087,N,0.03,0.168,-1.063,0.111,T,0.014,0.056,T,.,.,.,0.254,0.118,5.240,0.183,0.006,0.193,0.204,N,c,-1.156,-1.096,1.000,0.500,0.719,0.830,0,-1.6,0.079,0.845,0.271,0.852,0.362,0.864,0.304,0.556,0.280,10.424,0.434,Isopropylmalate dehydrogenase-like domain,.,.,.,.,.,138255,not_specified|not_provided,MedGen:CN169374|MedGen:CN517202,criteria_provided\x2c_single_submitter,Benign,0.103,SBS1,SBP1,IDH1_V71I,0,0,0.0,0,0.0,0,0,0,0,0,0,0,0,0.0,OP3
21,2,208248664,208248664,G,A,splicing,IDH1,NM_001282387:exon4:c.123-4C>T;NM_005896:exon4:c.123-4C>T;NM_001282386:exon4:c.123-4C>T,.,.,2q34,.,0.0028,0.0296,0.0014,0,0,0.0002,0.0011,0.0002,0.0022,0.0289,0.0016,0.0004,0,0,0.0002,0.0011,0.0002,0.0091,0.0316,0.0012,0,0,0,0.0002,0.0031,rs116548235,.,.,.,.,.,.,.,.,.,.,.,.,.,.,.,.,.,.,.,.,.,.,.,.,.,.,.,.,.,.,.,.,.,.,.,.,.,.,.,.,.,.,.,.,.,.,.,.,.,.,.,.,.,.,.,.,.,.,.,.,.,.,.,.,.,.,0,0,.,778916,not_provided,MedGen:CN517202,criteria_provided\x2c_single_submitter,Benign,.,SBS1,SBP1,._.,0,0,0.0,0,0.0,0,0,0,0,0,0,0,0,0.0,OP3
22,2,208251458,208251458,A,C,exonic,IDH1,.,nonsynonymous SNV,"IDH1:NM_001282386:exon3:c.T94G:p.F32V,IDH1:NM_001282387:exon3:c.T94G:p.F32V,IDH1:NM_005896:exon3:c.T94G:p.F32V",2q34,.,0.0005,0,0.0003,0,0,0.0009,0.0011,0,0.0006,0,0.0006,0.0045,0,0,0.0006,0.0009,3.249e-05,0.0002,0,0.0036,0.0033,0,0,0.0001,0,rs142923780,0.037,0.430,D,0.303,0.309,B,0.195,0.349,B,0.000,0.454,D,1.000,0.474,D,2.055,0.568,M,-0.28,0.676,T,-1.98,0.457,N,0.504,0.549,-0.428,0.712,T,0.347,0.712,T,0.055,0.662,D,3.477,0.476,23.1,0.986,0.429,0.992,0.921,D,c,0.215,0.257,1.000,0.747,0.722,0.854,0,4.07,0.466,5.366,0.656,0.160,0.244,1.000,0.715,1.000,0.888,10.071,0.413,Isopropylmalate dehydrogenase-like domain,.,.,.,.,0.0549463899991,138254,not_specified|not_provided,MedGen:CN169374|MedGen:CN517202,criteria_provided\x2c_single_submitter,Likely_benign,0.311,OP4,SBP1,IDH1_F32V,0,0,0.0,0,0.0,0,0,0,0,0,0,0,0,0.0,OP3
23,3,179198826,179198826,A,G,exonic,PIK3CA,.,startloss,PIK3CA:NM_006218:exon2:c.A1G:p.M1?,3q26.32,.,.,.,.,.,.,.,.,.,.,.,.,.,.,.,.,.,.,.,.,.,.,.,.,.,.,.,0.006,0.912,D,0.272,0.301,B,0.05,0.239,B,0.000,0.843,D,1.000,0.499,D,.,.,.,-0.61,0.729,T,-3.62,0.695,D,0.969,0.969,-0.583,0.655,T,0.262,0.633,T,0.258,0.894,D,4.079,0.548,23.7,0.993,0.600,0.996,0.975,D,c,0.257,0.402,1.000,0.747,0.615,0.372,0,5.37,0.769,8.885,0.920,1.199,0.960,1.000,0.715,0.998,0.697,15.368,0.741,.,.,.,.,.,0.2576582387,827717,Epidermal_nevus|Megalencephaly-capillary_malformation-polymicrogyria_syndrome|Cowden_syndrome,Human_Phenotype_Ontology:HP:0010816\x2cMONDO:MONDO:0008093\x2cMedGen:C0334082\x2cOMIM:162900\x2cSNOMED_CT:25201003|MONDO:MONDO:0011240\x2cMedGen:C1865285\x2cOMIM:602501\x2cOrphanet:ORPHA60040|MONDO:MONDO:0016063\x2cMedGen:C0018553\x2cOMIM:PS158350\x2cOrphanet:ORPHA201\x2cSNOMED_CT:58037000,criteria_provided\x2c_multiple_submitters\x2c_no_conflicts,Uncertain_significance,0.700,OP4,SBP1,PIK3CA_M1?,0,0,0.0,0,0.0,0,0,0,0,0,0,0,0,0.0,OP3
24,3,179209622,179209622,A,G,exonic,PIK3CA,.,nonsynonymous SNV,PIK3CA:NM_006218:exon7:c.A1173G:p.I391M,3q26.32,.,0.0649,0.2089,0.0504,0,0.0242,0.0702,0.0633,0.0181,0.0618,0.2096,0.0522,0.1313,0,0.0259,0.0657,0.0816,0.0193,0.0952,0.2145,0.0682,0.1589,0,0.0166,0.0578,0.0471,rs2230461,0.154,0.242,T,0.011,0.147,B,0.017,0.170,B,0.000,0.843,N,0.002,0.446,P,1.17,0.299,L,-1.34,0.800,T,-1.37,0.340,N,0.104,0.109,-1.082,0.070,T,0.001,0.002,T,.,.,.,0.919,0.182,10.19,0.930,0.219,0.562,0.298,D,c,-0.552,-0.450,0.000,0.035,0.732,0.924,0,-7.64E-4,0.133,1.333,0.332,-0.159,0.107,1.000,0.715,0.993,0.574,4.924,0.131,C2 domain|Phosphatidylinositol 3-kinase\x2c C2 domain,.,.,.,.,.,138777,not_specified,MedGen:CN169374,criteria_provided\x2c_single_submitter,Benign,0.236,SBVS1,SBP1,PIK3CA_I391M,0,0,0.0,0,0.0,0,0,0,0,0,0,0,0,0.0,OP3
25,3,179210186,179210186,G,A,exonic,PIK3CA,.,nonsynonymous SNV,PIK3CA:NM_006218:exon8:c.G1252A:p.E418K,3q26.32,.,.,.,.,.,.,.,.,.,.,.,.,.,.,.,.,.,.,.,.,.,.,.,.,.,.,rs397517199,0.188,0.213,T,0.982,0.581,D,0.904,0.624,P,0.000,0.629,D,1,0.810,D,1.375,0.344,L,-0.84,0.743,T,-0.84,0.229,N,0.887,0.875,-0.239,0.767,T,0.464,0.793,T,0.134,0.818,D,5.346,0.724,25.9,0.999,0.938,0.991,0.918,D,c,0.750,0.778,1.000,0.747,0.732,0.924,0,5.51,0.817,9.602,0.976,1.048,0.713,1.000,0.715,0.993,0.574,19.413,0.946,C2 domain|Phosphatidylinositol 3-kinase\x2c C2 domain,.,.,0.9987,0.914,0.134419997912,54631,Congenital_lipomatous_overgrowth\x2c_vascular_malformations\x2c_and_epidermal_nevi|not_specified,MONDO:MONDO:0013038\x2cMedGen:C2752042\x2cOMIM:612918\x2cOrphanet:ORPHA140944|MedGen:CN169374,criteria_provided\x2c_single_submitter,Uncertain_significance,0.519,OP4,0,PIK3CA_E418K,0,0,0.0,0,0.0,0,0,0,0,0,0,0,0,0.0,OP3
26,3,179210291,179210291,G,A,exonic,PIK3CA,.,nonsynonymous SNV,PIK3CA:NM_006218:exon8:c.G1357A:p.E453K,3q26.32,.,.,.,.,.,.,.,.,.,.,.,.,.,.,.,.,.,.,.,.,.,.,.,.,.,.,.,0.115,0.285,T,0.936,0.504,P,0.655,0.508,P,0.000,0.843,D,1,0.810,D,2.69,0.790,M,-0.54,0.710,T,-2.3,0.511,N,0.877,0.865,-0.427,0.712,T,0.408,0.758,T,0.114,0.793,D,6.768,0.922,32,0.999,0.976,0.994,0.959,D,c,0.692,0.733,1.000,0.747,0.707,0.730,0,5.64,0.864,9.574,0.973,1.048,0.713,1.000,0.715,1.000,0.888,19.697,0.960,C2 domain|Phosphatidylinositol 3-kinase\x2c C2 domain,.,.,.,.,0.113788654374,363349,Hepatocellular_carcinoma|Abnormality_of_cardiovascular_system_morphology|Transitional_cell_carcinoma_of_the_bladder|Breast_neoplasm|Lung_adenocarcinoma|Squamous_cell_lung_carcinoma|Neoplasm_of_brain|Neoplasm_of_ovary|Adenocarcinoma_of_stomach|Squamous_cell_carcinoma_of_the_head_and_neck|Megalencephaly-capillary_malformation-polymicrogyria_syndrome|Glioblastoma|Malignant_neoplasm_of_body_of_uterus,Human_Phenotype_Ontology:HP:0001402\x2cHuman_Phenotype_Ontology:HP:0002899\x2cHuman_Phenotype_Ontology:HP:0003007\x2cHuman_Phenotype_Ontology:HP:0006750\x2cMedGen:C2239176\x2cOMIM:114550\x2cOrphanet:ORPHA88673\x2cSNOMED_CT:187769009\x2cSNOMED_CT:25370001|Human_Phenotype_Ontology:HP:0001632\x2cHuman_Phenotype_Ontology:HP:0002564\x2cHuman_Phenotype_Ontology:HP:0002565\x2cHuman_Phenotype_Ontology:HP:0030680\x2cMedGen:C4049796|Human_Phenotype_Ontology:HP:0006740\x2cMONDO:MONDO:0005611\x2cMedGen:C0279680|Human_Phenotype_Ontology:HP:0010623\x2cHuman_Phenotype_Ontology:HP:0100013\x2cMONDO:MONDO:0021100\x2cMeSH:D001943\x2cMedGen:C1458155\x2cSNOMED_CT:126926005|Human_Phenotype_Ontology:HP:0030078\x2cMONDO:MONDO:0005061\x2cMeSH:D000077192\x2cMedGen:C0152013|Human_Phenotype_Ontology:HP:0030359\x2cMONDO:MONDO:0005097\x2cMedGen:C0149782|Human_Phenotype_Ontology:HP:0030692\x2cMONDO:MONDO:0021211\x2cMeSH:D001932\x2cMedGen:C0006118\x2cSNOMED_CT:126952004|Human_Phenotype_Ontology:HP:0100615\x2cMONDO:MONDO:0021068\x2cMeSH:D010051\x2cMedGen:C0919267\x2cOMIM:167000\x2cSNOMED_CT:123843001|MONDO:MONDO:0005036\x2cMedGen:C0278701|MONDO:MONDO:0010150\x2cMeSH:D000077195\x2cMedGen:C1168401\x2cOMIM:275355\x2cSNOMED_CT:716659002|MONDO:MONDO:0011240\x2cMedGen:C1865285\x2cOMIM:602501\x2cOrphanet:ORPHA60040|MONDO:MONDO:0018177\x2cMeSH:D005909\x2cMedGen:C0017636\x2cOrphanet:ORPHA360\x2cSNOMED_CT:63634009|MedGen:C0153574,criteria_provided\x2c_multiple_submitters\x2c_no_conflicts,Pathogenic,0.544,OP4,0,PIK3CA_E453K,PIK3CA,453,42.0,E:42,2933.0,K:31,Gaa/Aaa:31|Gaa/Caa:10|gaA/gaC:1,3:178928079_41|3:178928081_1,brca:1345:8|blca:852:7|idc:870:5|lggnos:544:3|ilc:184:2|luad:2057:2|stad:748:2|mdlc:54:1|srcbc:6:1|cup:135:1|aodg:43:1|aastr:82:1|umec:18:1|cesc:205:1|coad:712:1|hcc:620:1|gbm:688:1|lusc:346:1|uec:339:1|hnsc:643:1,breast:2561:16|bladder:958:8|cnsbrain:2270:6|lung:2761:3|uterus:618:2|esophagusstomach:1407:2|unk:357:1|cervix:239:1|bowel:1782:1|liver:636:1|headandneck:988:1,E,breast,breast:13|cnsbrain:5|bladder:4|esophagusstomach:2|bowel:1|cervix:1|headandneck:1|liver:1|lung:1|unk:1|uterus:1,31.0,OM3
27,3,179218304,179218304,A,C,exonic,PIK3CA,.,nonsynonymous SNV,PIK3CA:NM_006218:exon10:c.A1634C:p.E545A,3q26.32,Score=0.979452;Name=chr22:16568499,.,.,.,.,.,.,.,.,0,0,0,0,0,0,0,0,0,.,.,.,.,.,.,.,.,rs121913274,0.002,0.721,D,0.996,0.670,D,0.932,0.650,D,0.000,0.843,D,1,0.810,D,1.6,0.409,L,0.05,0.619,T,-5.07,0.828,D,0.964,0.963,-0.523,0.678,T,0.330,0.698,T,0.089,0.753,D,5.939,0.815,27.6,0.997,0.781,0.973,0.737,D,c,0.661,0.692,1.000,0.419,0.732,0.924,0,5.78,0.914,8.947,0.927,1.140,0.893,1.000,0.715,0.999,0.750,16.103,0.809,Armadillo-type fold|Phosphoinositide 3-kinase\x2c accessory (PIK) domain,.,.,.,.,0.088721466783,.,.,.,.,.,0.715,OP4,0,PIK3CA_E545A,PIK3CA,545,633.0,E:633,2933.0,A:12,Gag/Aag:575|gAg/gGg:21|Gag/Cag:20|gAg/gCg:12|gaG/gaT:3|gaGCag/gaTAag:1|gaG/gaC:1,3:178936091_595|3:178936092_33|3:178936093_5,brca:1345:82|blca:852:79|idc:870:59|coadread:683:44|coad:712:41|luad:2057:35|hnsc:643:33|cesc:205:29|stad:748:19|uec:339:19|ilc:184:17|esca:556:15|lusc:346:14|gbm:688:13|mdlc:54:9|prad:1366:8|utuc:76:8|ucs:117:7|brcanos:84:7|ccrcc:771:6|skcm:787:5|macr:38:5|ophsc:37:5|paad:932:4|npc:66:4|usc:46:4|ansc:30:4|chol:152:4|ccov:24:3|ecad:15:3|hggnos:87:3|lggnos:544:3|sclc:224:2|srcbc:6:2|ihch:104:2|lxsc:14:2|aodg:43:2|pscc:5:2|cscc:92:2|nsgct:152:2|gbc:74:2|sdca:16:1|hphsc:4:1|oovg:1:1|blad:7:1|thpa:486:1|maap:47:1|read:149:1|sccnos:3:1|scce:1:1|thap:33:1|spdac:4:1|bpscc:1:1|dipg:2:1|apad:17:1|ceas:5:1|urcc:48:1|vsc:4:1|thpd:58:1|ocsc:38:1|hnscup:7:1|paac:14:1|soc:468:1|hcc:620:1|prcc:335:1,breast:2561:174|bowel:1782:97|bladder:958:90|lung:2761:51|headandneck:988:48|esophagusstomach:1407:35|cervix:239:34|uterus:618:30|cnsbrain:2270:22|prostate:1379:8|biliarytract:358:8|kidney:1304:8|skin:974:7|pancreas:1059:5|ovaryfallopiantube:699:5|thyroid:618:3|penis:6:3|testis:217:2|unk:357:1|vulvavagina:16:1|liver:636:1,E,breast,breast:4|bowel:2|cnsbrain:2|uterus:2|bladder:1|prostate:1,12.0,OS3
28,3,179224091,179224091,A,G,exonic,PIK3CA,.,nonsynonymous SNV,PIK3CA:NM_006218:exon15:c.A2198G:p.K733R,3q26.32,.,0.0004,0,0.0002,0.0059,0,0,0,0,0.0004,0,5.973e-05,0,0.0058,0,0,0.0002,9.76e-05,0.0003,0,0,0,0.0062,0,0,0,rs181194055,0.045,0.408,D,0.002,0.090,B,0.003,0.080,B,0.000,0.629,D,1,0.810,D,1.71,0.444,L,-1.48,0.812,T,-1.15,0.295,N,0.224,0.275,-0.435,0.709,T,0.423,0.768,T,0.016,0.379,T,3.070,0.429,22.4,0.998,0.880,0.970,0.717,D,c,0.068,0.255,0.998,0.366,0.706,0.609,0,6.02,0.975,4.059,0.569,1.199,0.960,1.000,0.715,1.000,0.888,16.542,0.842,Protein kinase-like domain,.,.,.,.,0.0164815254628,452429,Cowden_syndrome,MONDO:MONDO:0016063\x2cMedGen:C0018553\x2cOMIM:PS158350\x2cOrphanet:ORPHA201\x2cSNOMED_CT:58037000,criteria_provided\x2c_single_submitter,Benign,0.269,OP4,SBP1,PIK3CA_K733R,0,0,0.0,0,0.0,0,0,0,0,0,0,0,0,0.0,OP3
29,3,179234297,179234297,A,G,exonic,PIK3CA,.,nonsynonymous SNV,PIK3CA:NM_006218:exon21:c.A3140G:p.H1047R,3q26.32,.,8.317e-06,0,0,0,0,1.505e-05,0,0,4.083e-06,0,0,0,0,0,9.04e-06,0,0,.,.,.,.,.,.,.,.,rs121913279,0.019,0.501,D,0.639,0.385,P,0.085,0.279,B,0.000,0.843,D,1,0.810,D,0.6,0.156,N,-1.35,0.800,T,-1.38,0.342,N,0.882,0.870,-0.565,0.662,T,0.243,0.612,T,0.037,0.577,D,2.589,0.372,20.1,0.990,0.507,0.961,0.675,D,c,0.220,0.420,1.000,0.747,0.707,0.730,0,6.08,0.990,8.845,0.917,1.140,0.893,1.000,0.715,1.000,0.888,16.651,0.850,Phosphatidylinositol 3-/4-kinase\x2c catalytic domain|Protein kinase-like domain,.,.,.,.,0.0373781845074,28691,MACRODACTYLY\x2c_SOMATIC|Hepatocellular_carcinoma|Abnormality_of_cardiovascular_system_morphology|Neoplasm|Medulloblastoma|Adrenocortical_carcinoma|Pancreatic_adenocarcinoma|Transitional_cell_carcinoma_of_the_bladder|Neoplasm_of_stomach|Breast_neoplasm|Brainstem_glioma|Carcinoma_of_esophagus|Renal_cell_carcinoma\x2c_papillary\x2c_1|Malignant_melanoma_of_skin|Rosette-forming_glioneuronal_tumor|Lung_adenocarcinoma|Non-small_cell_lung_cancer|Squamous_cell_lung_carcinoma|Neoplasm_of_brain|Seborrheic_keratosis|Neoplasm_of_ovary|Neoplasm_of_the_large_intestine|Carcinoma_of_colon|Breast_adenocarcinoma|Adenocarcinoma_of_stomach|Adenocarcinoma_of_prostate|Ovarian_Serous_Cystadenocarcinoma|Uterine_Carcinosarcoma|Squamous_cell_carcinoma_of_the_head_and_neck|Congenital_lipomatous_overgrowth\x2c_vascular_malformations\x2c_and_epidermal_nevi|Glioblastoma|Neoplasm_of_uterine_cervix|Lip_and_oral_cavity_carcinoma|Malignant_neoplasm_of_body_of_uterus|OVARIAN_CANCER\x2c_EPITHELIAL\x2c_SOMATIC|PIK3CA_related_overgrowth_spectrum|not_provided,.|Human_Phenotype_Ontology:HP:0001402\x2cHuman_Phenotype_Ontology:HP:0002899\x2cHuman_Phenotype_Ontology:HP:0003007\x2cHuman_Phenotype_Ontology:HP:0006750\x2cMedGen:C2239176\x2cOMIM:114550\x2cOrphanet:ORPHA88673\x2cSNOMED_CT:187769009\x2cSNOMED_CT:25370001|Human_Phenotype_Ontology:HP:0001632\x2cHuman_Phenotype_Ontology:HP:0002564\x2cHuman_Phenotype_Ontology:HP:0002565\x2cHuman_Phenotype_Ontology:HP:0030680\x2cMedGen:C4049796|Human_Phenotype_Ontology:HP:0002664\x2cHuman_Phenotype_Ontology:HP:0003008\x2cHuman_Phenotype_Ontology:HP:0006741\x2cMeSH:D009369\x2cMedGen:C0027651\x2cSNOMED_CT:108369006|Human_Phenotype_Ontology:HP:0002885\x2cMONDO:MONDO:0007959\x2cMeSH:D008527\x2cMedGen:C0025149\x2cOMIM:155255\x2cOrphanet:ORPHA616|Human_Phenotype_Ontology:HP:0002889\x2cHuman_Phenotype_Ontology:HP:0006744\x2cHuman_Phenotype_Ontology:HP:0006759\x2cMONDO:MONDO:0006639\x2cMeSH:D018268\x2cMedGen:C0206686|Human_Phenotype_Ontology:HP:0006725\x2cMONDO:MONDO:0006047\x2cMedGen:C0281361|Human_Phenotype_Ontology:HP:0006740\x2cMONDO:MONDO:0005611\x2cMedGen:C0279680|Human_Phenotype_Ontology:HP:0006753\x2cMONDO:MONDO:0021085\x2cMeSH:D013274\x2cMedGen:C0038356\x2cSNOMED_CT:126824007|Human_Phenotype_Ontology:HP:0010623\x2cHuman_Phenotype_Ontology:HP:0100013\x2cMONDO:MONDO:0021100\x2cMeSH:D001943\x2cMedGen:C1458155\x2cSNOMED_CT:126926005|Human_Phenotype_Ontology:HP:0010796\x2cMONDO:MONDO:0002911\x2cMedGen:C0677865|Human_Phenotype_Ontology:HP:0011459\x2cMONDO:MONDO:0019086\x2cMedGen:C0152018\x2cOrphanet:ORPHA70482|Human_Phenotype_Ontology:HP:0011797\x2cMedGen:C1336839\x2cOMIM:605074|Human_Phenotype_Ontology:HP:0012056\x2cMONDO:MONDO:0005012\x2cMeSH:C562393\x2cMedGen:C0151779\x2cSNOMED_CT:93655004|Human_Phenotype_Ontology:HP:0025171\x2cMONDO:MONDO:0016736\x2cMedGen:C4331262\x2cOrphanet:ORPHA251975|Human_Phenotype_Ontology:HP:0030078\x2cMONDO:MONDO:0005061\x2cMeSH:D000077192\x2cMedGen:C0152013|Human_Phenotype_Ontology:HP:0030358\x2cMONDO:MONDO:0005233\x2cMeSH:D002289\x2cMedGen:C0007131\x2cSNOMED_CT:254637007|Human_Phenotype_Ontology:HP:0030359\x2cMONDO:MONDO:0005097\x2cMedGen:C0149782|Human_Phenotype_Ontology:HP:0030692\x2cMONDO:MONDO:0021211\x2cMeSH:D001932\x2cMedGen:C0006118\x2cSNOMED_CT:126952004|Human_Phenotype_Ontology:HP:0031287\x2cMONDO:MONDO:0008420\x2cMedGen:C0022603\x2cOMIM:182000|Human_Phenotype_Ontology:HP:0100615\x2cMONDO:MONDO:0021068\x2cMeSH:D010051\x2cMedGen:C0919267\x2cOMIM:167000\x2cSNOMED_CT:123843001|Human_Phenotype_Ontology:HP:0100834\x2cMeSH:D015179\x2cMedGen:C0009404\x2cSNOMED_CT:126837005|MONDO:MONDO:0002032\x2cMedGen:C0699790\x2cSNOMED_CT:269533000|MONDO:MONDO:0004988\x2cMedGen:C0858252|MONDO:MONDO:0005036\x2cMedGen:C0278701|MONDO:MONDO:0005082\x2cMedGen:C0007112|MONDO:MONDO:0006046\x2cMedGen:C0279663|MONDO:MONDO:0006485\x2cMedGen:C0280630|MONDO:MONDO:0010150\x2cMeSH:D000077195\x2cMedGen:C1168401\x2cOMIM:275355\x2cSNOMED_CT:716659002|MONDO:MONDO:0013038\x2cMedGen:C2752042\x2cOMIM:612918\x2cOrphanet:ORPHA140944|MONDO:MONDO:0018177\x2cMeSH:D005909\x2cMedGen:C0017636\x2cOrphanet:ORPHA360\x2cSNOMED_CT:63634009|MONDO:MONDO:0021230\x2cMeSH:D002583\x2cMedGen:C0007873\x2cSNOMED_CT:123841004|MONDO:MONDO:0023644\x2cMedGen:C0220641|MedGen:C0153574|MedGen:C1868358|MedGen:CN233161|MedGen:CN517202,criteria_provided\x2c_multiple_submitters\x2c_no_conflicts,Pathogenic,0.455,OP4,SBP1,PIK3CA_H1047R,PIK3CA,1047,647.0,H:647,2933.0,R:537,cAt/cGt:536|cAt/cTt:85|Cat/Tat:18|caT/caG:4|caT/caA:3|cATCAt/cGTCGt:1,3:178952085_622|3:178952084_18|3:178952086_7,brca:1345:174|idc:870:119|ilc:184:40|uec:339:32|coad:712:27|coadread:683:20|stad:748:20|hnsc:643:19|blca:852:17|brcanos:84:17|luad:2057:14|ucs:117:8|mdlc:54:7|gbm:688:7|lggnos:544:7|prad:1366:6|paad:932:5|esca:556:5|ccov:24:5|umec:18:5|ccrcc:771:5|skcm:787:4|usc:46:4|cup:135:4|aodg:43:4|mfh:53:4|chol:152:3|hcc:620:3|hggnos:87:3|acyc:117:3|lusc:346:3|cesc:205:3|mbl:300:2|macr:38:2|thpd:58:2|mbc:8:2|rgnt:2:2|thpa:486:2|gist:122:2|read:149:2|da:2:2|utuc:76:2|sarc:280:2|ulms:52:1|gsarc:10:1|ocsc:38:1|ocs:12:1|aastr:82:1|blad:7:1|sdca:16:1|hgsoc:132:1|angs:33:1|dstad:27:1|acrm:23:1|uccc:14:1|ssrcc:12:1|lxsc:14:1|mcn:2:1|ecad:15:1|ucp:4:1|apad:17:1|eov:6:1|dcis:1:1|mpt:10:1|unk:146:1|thap:33:1|mrls:11:1|esmm:3:1|rms:50:1|soc:468:1|aca:93:1,breast:2561:361|bowel:1782:54|uterus:618:51|esophagusstomach:1407:28|cnsbrain:2270:27|headandneck:988:25|bladder:958:20|lung:2761:17|softtissue:739:11|ovaryfallopiantube:699:9|pancreas:1059:7|prostate:1379:6|skin:974:5|unk:357:5|thyroid:618:5|kidney:1304:5|cervix:239:4|biliarytract:358:3|liver:636:3|adrenalgland:291:1,H,breast,breast:320|bowel:45|uterus:33|cnsbrain:22|esophagusstomach:21|headandneck:20|bladder:14|lung:14|ovaryfallopiantube:8|softtissue:7|pancreas:6|prostate:6|unk:5|thyroid:4|kidney:3|skin:3|cervix:2|liver:2|adrenalgland:1|biliarytract:1,537.0,OS3
30,3,179234298,179234298,T,G,exonic,PIK3CA,.,nonsynonymous SNV,PIK3CA:NM_006218:exon21:c.T3141G:p.H1047Q,3q26.32,.,.,.,.,.,.,.,.,.,.,.,.,.,.,.,.,.,.,.,.,.,.,.,.,.,.,.,0.022,0.486,D,0.028,0.184,B,0.009,0.133,B,0.000,0.843,D,1.000,0.548,D,0.345,0.112,N,-1.42,0.807,T,-1.22,0.309,N,0.865,0.852,-1.000,0.298,T,0.256,0.626,T,0.027,0.496,D,0.291,0.122,5.602,0.925,0.213,0.682,0.334,D,c,-0.745,-0.673,0.463,0.206,0.707,0.730,0,-6.31,0.018,-0.114,0.106,0.112,0.206,0.813,0.296,1.000,0.888,17.663,0.880,Phosphatidylinositol 3-/4-kinase\x2c catalytic domain|Protein kinase-like domain,.,.,.,.,0.026514517841,363360,Hepatocellular_carcinoma|Medulloblastoma|Adrenocortical_carcinoma|Pancreatic_adenocarcinoma|Transitional_cell_carcinoma_of_the_bladder|Breast_neoplasm|Brainstem_glioma|Carcinoma_of_esophagus|Renal_cell_carcinoma\x2c_papillary\x2c_1|Malignant_melanoma_of_skin|Lung_adenocarcinoma|Squamous_cell_lung_carcinoma|Neoplasm_of_brain|Neoplasm_of_the_large_intestine|Adenocarcinoma_of_stomach|Adenocarcinoma_of_prostate|Ovarian_Serous_Cystadenocarcinoma|Uterine_Carcinosarcoma|Squamous_cell_carcinoma_of_the_head_and_neck|Glioblastoma|Neoplasm_of_uterine_cervix|Malignant_neoplasm_of_body_of_uterus,Human_Phenotype_Ontology:HP:0001402\x2cHuman_Phenotype_Ontology:HP:0002899\x2cHuman_Phenotype_Ontology:HP:0003007\x2cHuman_Phenotype_Ontology:HP:0006750\x2cMedGen:C2239176\x2cOMIM:114550\x2cOrphanet:ORPHA88673\x2cSNOMED_CT:187769009\x2cSNOMED_CT:25370001|Human_Phenotype_Ontology:HP:0002885\x2cMONDO:MONDO:0007959\x2cMeSH:D008527\x2cMedGen:C0025149\x2cOMIM:155255\x2cOrphanet:ORPHA616|Human_Phenotype_Ontology:HP:0002889\x2cHuman_Phenotype_Ontology:HP:0006744\x2cHuman_Phenotype_Ontology:HP:0006759\x2cMONDO:MONDO:0006639\x2cMeSH:D018268\x2cMedGen:C0206686|Human_Phenotype_Ontology:HP:0006725\x2cMONDO:MONDO:0006047\x2cMedGen:C0281361|Human_Phenotype_Ontology:HP:0006740\x2cMONDO:MONDO:0005611\x2cMedGen:C0279680|Human_Phenotype_Ontology:HP:0010623\x2cHuman_Phenotype_Ontology:HP:0100013\x2cMONDO:MONDO:0021100\x2cMeSH:D001943\x2cMedGen:C1458155\x2cSNOMED_CT:126926005|Human_Phenotype_Ontology:HP:0010796\x2cMONDO:MONDO:0002911\x2cMedGen:C0677865|Human_Phenotype_Ontology:HP:0011459\x2cMONDO:MONDO:0019086\x2cMedGen:C0152018\x2cOrphanet:ORPHA70482|Human_Phenotype_Ontology:HP:0011797\x2cMedGen:C1336839\x2cOMIM:605074|Human_Phenotype_Ontology:HP:0012056\x2cMONDO:MONDO:0005012\x2cMeSH:C562393\x2cMedGen:C0151779\x2cSNOMED_CT:93655004|Human_Phenotype_Ontology:HP:0030078\x2cMONDO:MONDO:0005061\x2cMeSH:D000077192\x2cMedGen:C0152013|Human_Phenotype_Ontology:HP:0030359\x2cMONDO:MONDO:0005097\x2cMedGen:C0149782|Human_Phenotype_Ontology:HP:0030692\x2cMONDO:MONDO:0021211\x2cMeSH:D001932\x2cMedGen:C0006118\x2cSNOMED_CT:126952004|Human_Phenotype_Ontology:HP:0100834\x2cMeSH:D015179\x2cMedGen:C0009404\x2cSNOMED_CT:126837005|MONDO:MONDO:0005036\x2cMedGen:C0278701|MONDO:MONDO:0005082\x2cMedGen:C0007112|MONDO:MONDO:0006046\x2cMedGen:C0279663|MONDO:MONDO:0006485\x2cMedGen:C0280630|MONDO:MONDO:0010150\x2cMeSH:D000077195\x2cMedGen:C1168401\x2cOMIM:275355\x2cSNOMED_CT:716659002|MONDO:MONDO:0018177\x2cMeSH:D005909\x2cMedGen:C0017636\x2cOrphanet:ORPHA360\x2cSNOMED_CT:63634009|MONDO:MONDO:0021230\x2cMeSH:D002583\x2cMedGen:C0007873\x2cSNOMED_CT:123841004|MedGen:C0153574,no_assertion_criteria_provided,Likely_pathogenic,0.428,OP4,SBP1,PIK3CA_H1047Q,PIK3CA,1047,647.0,H:647,2933.0,Q:7,cAt/cGt:536|cAt/cTt:85|Cat/Tat:18|caT/caG:4|caT/caA:3|cATCAt/cGTCGt:1,3:178952085_622|3:178952084_18|3:178952086_7,brca:1345:174|idc:870:119|ilc:184:40|uec:339:32|coad:712:27|coadread:683:20|stad:748:20|hnsc:643:19|blca:852:17|brcanos:84:17|luad:2057:14|ucs:117:8|mdlc:54:7|gbm:688:7|lggnos:544:7|prad:1366:6|paad:932:5|esca:556:5|ccov:24:5|umec:18:5|ccrcc:771:5|skcm:787:4|usc:46:4|cup:135:4|aodg:43:4|mfh:53:4|chol:152:3|hcc:620:3|hggnos:87:3|acyc:117:3|lusc:346:3|cesc:205:3|mbl:300:2|macr:38:2|thpd:58:2|mbc:8:2|rgnt:2:2|thpa:486:2|gist:122:2|read:149:2|da:2:2|utuc:76:2|sarc:280:2|ulms:52:1|gsarc:10:1|ocsc:38:1|ocs:12:1|aastr:82:1|blad:7:1|sdca:16:1|hgsoc:132:1|angs:33:1|dstad:27:1|acrm:23:1|uccc:14:1|ssrcc:12:1|lxsc:14:1|mcn:2:1|ecad:15:1|ucp:4:1|apad:17:1|eov:6:1|dcis:1:1|mpt:10:1|unk:146:1|thap:33:1|mrls:11:1|esmm:3:1|rms:50:1|soc:468:1|aca:93:1,breast:2561:361|bowel:1782:54|uterus:618:51|esophagusstomach:1407:28|cnsbrain:2270:27|headandneck:988:25|bladder:958:20|lung:2761:17|softtissue:739:11|ovaryfallopiantube:699:9|pancreas:1059:7|prostate:1379:6|skin:974:5|unk:357:5|thyroid:618:5|kidney:1304:5|cervix:239:4|biliarytract:358:3|liver:636:3|adrenalgland:291:1,H,breast,bowel:2|breast:1|cervix:1|headandneck:1|kidney:1|uterus:1,7.0,OP3
31,3,179234350,179234350,C,T,exonic,PIK3CA,.,nonsynonymous SNV,PIK3CA:NM_006218:exon21:c.C3193T:p.H1065Y,3q26.32,.,.,.,.,.,.,.,.,.,.,.,.,.,.,.,.,.,.,.,.,.,.,.,.,.,.,.,0.008,0.586,D,0.851,0.450,P,0.775,0.552,P,0.000,0.843,D,1,0.810,D,-0.345,0.033,N,-0.6,0.717,T,-1.09,0.283,N,0.811,0.800,-0.677,0.615,T,0.142,0.462,T,0.022,0.450,T,1.896,0.289,15.57,0.992,0.555,0.943,0.605,D,c,0.109,0.332,1.000,0.747,0.707,0.730,0,6.08,0.990,7.169,0.770,0.892,0.403,1.000,0.715,0.997,0.653,18.853,0.922,Phosphatidylinositol 3-/4-kinase\x2c catalytic domain,.,.,.,.,0.0220153461798,.,.,.,.,.,0.384,OP4,SBP1,PIK3CA_H1065Y,PIK3CA,1065,5.0,H:5,2933.0,Y:4,Cat/Tat:4|cAt/cTt:1,3:178952138_4|3:178952139_1,luad:2057:1|coad:712:1|ccrcc:771:1|blca:852:1|brca:1345:1,lung:2761:1|bowel:1782:1|kidney:1304:1|bladder:958:1|breast:2561:1,H,lung,bladder:1|bowel:1|kidney:1|lung:1,4.0,OP3
32,3,179234360,179234360,-,A,exonic,PIK3CA,.,frameshift insertion,PIK3CA:NM_006218:exon21:c.3203dupA:p.N1068Kfs*5,3q26.32,.,.,.,.,.,.,.,.,.,.,.,.,.,.,.,.,.,.,.,.,.,.,.,.,.,.,.,.,.,.,.,.,.,.,.,.,.,.,.,.,.,.,.,.,.,.,.,.,.,.,.,.,.,.,.,.,.,.,.,.,.,.,.,.,.,.,.,.,.,.,.,.,.,.,.,.,.,.,.,.,.,.,.,.,.,.,.,.,.,.,.,.,.,.,.,.,.,.,.,.,.,.,OP4,SBP1,PIK3CA_N1068Kfs*5,0,0,0.0,0,0.0,0,0,0,0,0,0,0,0,0.0,OP3
33,5,1282455,1282455,C,T,exonic,TERT,.,stopgain,"TERT:NM_001193376:exon3:c.G1743A:p.W581X,TERT:NM_198253:exon3:c.G1743A:p.W581X",5p15.33,.,.,.,.,.,.,.,.,.,.,.,.,.,.,.,.,.,.,.,.,.,.,.,.,.,.,.,.,.,.,.,.,.,.,.,.,0.000,0.523,D,1,0.810,A,.,.,.,.,.,.,.,.,.,.,.,.,.,.,.,.,.,.,.,.,10.817,0.970,36,0.995,0.697,0.891,0.491,D,c,0.674,0.517,1.000,0.500,0.696,0.567,0,4.51,0.544,4.974,0.633,0.807,0.329,0.999,0.424,0.969,0.458,17.225,0.868,Telomerase ribonucleoprotein complex - RNA-binding domain,.,.,.,.,.,829942,Idiopathic_Pulmonary_Fibrosis|Dyskeratosis_congenita\x2c_autosomal_dominant\x2c_2,MONDO:MONDO:0008345\x2cMedGen:C1800706\x2cOMIM:178500\x2cOrphanet:ORPHA2032\x2cSNOMED_CT:28168000\x2cSNOMED_CT:700250006|MONDO:MONDO:0013521\x2cMedGen:C3151443\x2cOMIM:613989,criteria_provided\x2c_single_submitter,Pathogenic,.,OP4,OP1,TERT_W581X,0,0,0.0,0,0.0,0,0,0,0,0,0,0,0,0.0,OP3
34,5,1294198,1294198,G,A,exonic,TERT,.,stopgain,"TERT:NM_001193376:exon2:c.C688T:p.R230X,TERT:NM_198253:exon2:c.C688T:p.R230X",5p15.33,.,.,.,.,.,.,.,.,.,0,0,0,0,0,0,0,0,0,.,.,.,.,.,.,.,.,.,.,.,.,.,.,.,.,.,.,0.012,0.013,N,1,0.810,A,.,.,.,.,.,.,.,.,.,.,.,.,.,.,.,.,.,.,.,.,3.728,0.505,23.3,0.923,0.211,0.027,0.072,N,c,-0.731,-1.156,1.000,0.489,0.726,0.872,0,-3.6,0.043,-1.671,0.020,-1.395,0.012,0.000,0.063,0.000,0.016,1.791,0.028,.,.,.,.,.,.,633029,Idiopathic_Pulmonary_Fibrosis|Dyskeratosis_congenita\x2c_autosomal_dominant\x2c_2,MONDO:MONDO:0008345\x2cMedGen:C1800706\x2cOMIM:178500\x2cOrphanet:ORPHA2032\x2cSNOMED_CT:28168000\x2cSNOMED_CT:700250006|MONDO:MONDO:0013521\x2cMedGen:C3151443\x2cOMIM:613989,criteria_provided\x2c_single_submitter,Pathogenic,.,OP4,SBP1,TERT_R230X,0,0,0.0,0,0.0,0,0,0,0,0,0,0,0,0.0,OP3
35,7,140753334,140753334,T,C,exonic,BRAF,.,nonsynonymous SNV,"BRAF:NM_001354609:exon15:c.A1801G:p.K601E,BRAF:NM_004333:exon15:c.A1801G:p.K601E",7q34,.,.,.,.,.,.,.,.,.,4.065e-06,0,0,0,0,0,8.964e-06,0,0,.,.,.,.,.,.,.,.,rs121913364,0.0,0.912,D,0.784,0.424,P,0.626,0.498,P,0.000,0.843,D,1,0.810,D,0.855,0.214,L,-1.64,0.825,D,-3.71,0.706,D,0.902,0.943,-0.875,0.502,T,0.186,0.536,T,0.082,0.739,D,4.670,0.626,24.5,0.999,0.950,0.977,0.763,D,c,0.347,0.471,1.000,0.747,0.651,0.465,0,5.65,0.868,7.942,0.871,1.057,0.759,1.000,0.715,1.000,0.888,15.933,0.794,Protein kinase domain|Protein kinase-like domain|Serine-threonine/tyrosine-protein kinase catalytic domain,.,.,.,.,0.0820752694957,29005,Neoplasm|Melanoma|Chronic_lymphocytic_leukemia|Thyroid_cancer\x2c_nonmedullary\x2c_2|Malignant_melanoma_of_skin|Lung_adenocarcinoma|Non-small_cell_lung_cancer|Neoplasm_of_the_thyroid_gland|Carcinoma_of_colon|Adenocarcinoma_of_stomach|Adenocarcinoma_of_prostate|Malignant_neoplasm_of_body_of_uterus,Human_Phenotype_Ontology:HP:0002664\x2cHuman_Phenotype_Ontology:HP:0003008\x2cHuman_Phenotype_Ontology:HP:0006741\x2cMeSH:D009369\x2cMedGen:C0027651\x2cSNOMED_CT:108369006|Human_Phenotype_Ontology:HP:0002861\x2cHuman_Phenotype_Ontology:HP:0002887\x2cHuman_Phenotype_Ontology:HP:0006777\x2cHuman_Phenotype_Ontology:HP:0007474\x2cMONDO:MONDO:0005105\x2cMeSH:D008545\x2cMedGen:C0025202\x2cSNOMED_CT:2092003\x2cSNOMED_CT:372244006|Human_Phenotype_Ontology:HP:0005550\x2cHuman_Phenotype_Ontology:HP:0006734\x2cHuman_Phenotype_Ontology:HP:0006760\x2cMONDO:MONDO:0004948\x2cMeSH:D015451\x2cMedGen:C0023434\x2cOMIM:151400\x2cOrphanet:ORPHA67038\x2cSNOMED_CT:277473004\x2cSNOMED_CT:51092000|Human_Phenotype_Ontology:HP:0006731\x2cMONDO:MONDO:0008566\x2cMedGen:C0206682\x2cOMIM:188470|Human_Phenotype_Ontology:HP:0012056\x2cMONDO:MONDO:0005012\x2cMeSH:C562393\x2cMedGen:C0151779\x2cSNOMED_CT:93655004|Human_Phenotype_Ontology:HP:0030078\x2cMONDO:MONDO:0005061\x2cMeSH:D000077192\x2cMedGen:C0152013|Human_Phenotype_Ontology:HP:0030358\x2cMONDO:MONDO:0005233\x2cMeSH:D002289\x2cMedGen:C0007131\x2cSNOMED_CT:254637007|Human_Phenotype_Ontology:HP:0100031\x2cMONDO:MONDO:0015074\x2cMeSH:D013964\x2cMedGen:C0040136\x2cOrphanet:ORPHA100087|MONDO:MONDO:0002032\x2cMedGen:C0699790\x2cSNOMED_CT:269533000|MONDO:MONDO:0005036\x2cMedGen:C0278701|MONDO:MONDO:0005082\x2cMedGen:C0007112|MedGen:C0153574,criteria_provided\x2c_single_submitter,Pathogenic,0.916,OP4,OP1,BRAF_K601E,BRAF,601,38.0,K:38,1450.0,E:32,Aaa/Gaa:32|aaA/aaT:4|aaATct/aaTAct:1|aAa/aCa:1,7:140453134_32|7:140453132_4|7:140453133_1|7:140453131_1,skcm:787:8|luad:2057:6|prad:1366:6|dlbcl:246:3|mup:42:2|stad:748:2|cll:283:1|macr:38:1|ulms:52:1|brca:1345:1|thpd:58:1|coad:712:1|aitl:12:1|sdca:16:1|ihch:104:1|uec:339:1|thpa:486:1,skin:974:8|lung:2761:6|prostate:1379:6|lymph:366:4|bowel:1782:2|uterus:618:2|unk:357:2|thyroid:618:2|esophagusstomach:1407:2|blood:890:1|breast:2561:1|headandneck:988:1|biliarytract:358:1,K,skin,skin:7|prostate:6|lung:5|lymph:3|bowel:2|thyroid:2|unk:2|uterus:2|biliarytract:1|esophagusstomach:1|headandneck:1,32.0,OM3
36,7,140753336,140753337,AC,TT,exonic,BRAF,.,nonframeshift substitution,"BRAF:NM_001354609:exon15:c.1798_1799delinsAA:p.V600K,BRAF:NM_004333:exon15:c.1798_1799delinsAA:p.V600K",7q34,.,.,.,.,.,.,.,.,.,.,.,.,.,.,.,.,.,.,.,.,.,.,.,.,.,.,rs121913227,.,.,.,.,.,.,.,.,.,.,.,.,.,.,.,.,.,.,.,.,.,.,.,.,.,.,.,.,.,.,.,.,.,.,.,.,.,.,.,.,.,.,.,.,.,.,.,.,.,.,.,.,.,.,.,.,.,.,.,.,.,.,.,.,.,.,.,.,.,362820,Trametinib-Dabrafenib_Response|Vemurafenib-Cobimetinib_Response|Melanoma|not_provided,.|.|Human_Phenotype_Ontology:HP:0002861\x2cHuman_Phenotype_Ontology:HP:0002887\x2cHuman_Phenotype_Ontology:HP:0006777\x2cHuman_Phenotype_Ontology:HP:0007474\x2cMONDO:MONDO:0005105\x2cMeSH:D008545\x2cMedGen:C0025202\x2cSNOMED_CT:2092003\x2cSNOMED_CT:372244006|MedGen:CN517202,criteria_provided\x2c_single_submitter,drug_response,.,OP4,SBP1,BRAF_V600K,BRAF,600,897.0,V:897,1450.0,K:24,gTg/gAg:831|Gtg/Atg:29|GTg/AAg:24|gtG/gtA:4|GTg/AGg:4|gTg/gGg:3|gTG/gAA:2,7:140453136_862|7:140453137_29|7:140453135_6,skcm:787:355|thpa:486:293|coad:712:54|coadread:683:47|luad:2057:33|mup:42:16|thap:33:14|thpd:58:9|gbm:688:8|mm:275:6|paad:932:6|macr:38:5|cup:135:5|panet:86:3|hggnos:87:3|hgnec:11:3|ecd:6:3|lggnos:544:3|chol:152:3|read:149:3|blca:852:2|nbl:326:2|lgsoc:17:2|acrm:23:2|apxa:2:2|lch:4:2|gist:122:1|ulms:52:1|gnc:1:1|hnmucm:11:1|apad:17:1|ape:4:1|mdlc:54:1|bcl:9:1|ihch:104:1|ipmn:7:1|esmm:3:1|prcc:335:1|hnsc:643:1,skin:974:357|thyroid:618:316|bowel:1782:113|lung:2761:33|unk:357:21|cnsbrain:2270:20|blood:890:11|pancreas:1059:10|biliarytract:358:4|bladder:958:2|ovaryfallopiantube:699:2|headandneck:988:2|softtissue:739:1|uterus:618:1|breast:2561:1|lymph:366:1|esophagusstomach:1407:1|kidney:1304:1,V,skin,skin:20|unk:2|esophagusstomach:1|headandneck:1,24.0,OS3
37,7,140753355,140753355,C,T,exonic,BRAF,.,nonsynonymous SNV,"BRAF:NM_001354609:exon15:c.G1780A:p.D594N,BRAF:NM_004333:exon15:c.G1780A:p.D594N",7q34,.,.,.,.,.,.,.,.,.,.,.,.,.,.,.,.,.,.,.,.,.,.,.,.,.,.,rs397516896,0.001,0.784,D,1.0,0.899,D,0.998,0.875,D,0.000,0.843,D,1,0.810,D,1.805,0.477,L,-7.15,0.998,D,-4.58,0.788,D,0.412,0.577,0.954,0.965,D,0.994,0.999,D,0.597,0.965,D,6.941,0.934,33,0.999,0.993,0.978,0.771,D,c,1.011,0.947,1.000,0.747,0.651,0.465,0,5.65,0.868,7.831,0.848,0.931,0.441,1.000,0.715,1.000,0.888,19.792,0.964,Protein kinase domain|Protein kinase-like domain|Serine-threonine/tyrosine-protein kinase catalytic domain,.,.,.,.,0.596855831475,53980,Melanoma|Adrenocortical_carcinoma|Chronic_lymphocytic_leukemia|Transitional_cell_carcinoma_of_the_bladder|Multiple_myeloma|Malignant_melanoma_of_skin|Lung_adenocarcinoma|Non-small_cell_lung_cancer|Neoplasm_of_brain|Neoplasm_of_the_large_intestine|Squamous_cell_carcinoma_of_the_head_and_neck,Human_Phenotype_Ontology:HP:0002861\x2cHuman_Phenotype_Ontology:HP:0002887\x2cHuman_Phenotype_Ontology:HP:0006777\x2cHuman_Phenotype_Ontology:HP:0007474\x2cMONDO:MONDO:0005105\x2cMeSH:D008545\x2cMedGen:C0025202\x2cSNOMED_CT:2092003\x2cSNOMED_CT:372244006|Human_Phenotype_Ontology:HP:0002889\x2cHuman_Phenotype_Ontology:HP:0006744\x2cHuman_Phenotype_Ontology:HP:0006759\x2cMONDO:MONDO:0006639\x2cMeSH:D018268\x2cMedGen:C0206686|Human_Phenotype_Ontology:HP:0005550\x2cHuman_Phenotype_Ontology:HP:0006734\x2cHuman_Phenotype_Ontology:HP:0006760\x2cMONDO:MONDO:0004948\x2cMeSH:D015451\x2cMedGen:C0023434\x2cOMIM:151400\x2cOrphanet:ORPHA67038\x2cSNOMED_CT:277473004\x2cSNOMED_CT:51092000|Human_Phenotype_Ontology:HP:0006740\x2cMONDO:MONDO:0005611\x2cMedGen:C0279680|Human_Phenotype_Ontology:HP:0006775\x2cMONDO:MONDO:0009693\x2cMeSH:D009101\x2cMedGen:C0026764\x2cOMIM:254500\x2cOrphanet:ORPHA29073\x2cSNOMED_CT:109989006\x2cSNOMED_CT:55921005|Human_Phenotype_Ontology:HP:0012056\x2cMONDO:MONDO:0005012\x2cMeSH:C562393\x2cMedGen:C0151779\x2cSNOMED_CT:93655004|Human_Phenotype_Ontology:HP:0030078\x2cMONDO:MONDO:0005061\x2cMeSH:D000077192\x2cMedGen:C0152013|Human_Phenotype_Ontology:HP:0030358\x2cMONDO:MONDO:0005233\x2cMeSH:D002289\x2cMedGen:C0007131\x2cSNOMED_CT:254637007|Human_Phenotype_Ontology:HP:0030692\x2cMONDO:MONDO:0021211\x2cMeSH:D001932\x2cMedGen:C0006118\x2cSNOMED_CT:126952004|Human_Phenotype_Ontology:HP:0100834\x2cMeSH:D015179\x2cMedGen:C0009404\x2cSNOMED_CT:126837005|MONDO:MONDO:0010150\x2cMeSH:D000077195\x2cMedGen:C1168401\x2cOMIM:275355\x2cSNOMED_CT:716659002,criteria_provided\x2c_single_submitter,Likely_pathogenic,0.904,OP4,OP1,BRAF_D594N,BRAF,594,51.0,D:51,1450.0,N:24,Gat/Aat:24|gAt/gGt:21|Gat/Tat:2|gAt/gTt:2|gaT/gaA:1|Gat/Cat:1,7:140453155_27|7:140453154_23|7:140453153_1,luad:2057:10|coad:712:8|blca:852:5|skcm:787:5|dlbcl:246:2|mm:275:2|read:149:2|cll:283:1|unk:146:1|sem:59:1|mcce:4:1|acrm:23:1|armm:21:1|utuc:76:1|mup:42:1|prad:1366:1|ehch:27:1|egc:16:1|cup:135:1|hnsc:643:1|coadread:683:1|lggnos:544:1|stad:748:1|aca:93:1,bowel:1782:12|lung:2761:10|bladder:958:6|skin:974:6|blood:890:3|unk:357:3|lymph:366:2|esophagusstomach:1407:2|testis:217:1|cervix:239:1|prostate:1379:1|biliarytract:358:1|headandneck:988:1|cnsbrain:2270:1|adrenalgland:291:1,D,bowel,bowel:5|skin:5|lung:4|bladder:3|unk:3|biliarytract:1|esophagusstomach:1|headandneck:1|lymph:1,24.0,OS3
38,7,140778037,140778051,TAGGTGCTGTCACAT,-,exonic,BRAF,.,nonframeshift deletion,"BRAF:NM_001354609:exon12:c.1457_1471del:p.N486_P490del,BRAF:NM_004333:exon12:c.1457_1471del:p.N486_P490del",7q34,.,.,.,.,.,.,.,.,.,.,.,.,.,.,.,.,.,.,.,.,.,.,.,.,.,.,.,.,.,.,.,.,.,.,.,.,.,.,.,.,.,.,.,.,.,.,.,.,.,.,.,.,.,.,.,.,.,.,.,.,.,.,.,.,.,.,.,.,.,.,.,.,.,.,.,.,.,.,.,.,.,.,.,.,.,.,.,.,.,.,.,.,.,.,.,.,653824,Dabrafenib_response,MedGen:CN239586,no_assertion_criteria_provided,drug_response,.,OP4,SBP1,BRAF_N486_P490del,0,0,0.0,0,0.0,0,0,0,0,0,0,0,0,0.0,OP3
39,7,140781602,140781602,C,T,exonic,BRAF,.,nonsynonymous SNV,"BRAF:NM_001354609:exon11:c.G1406A:p.G469E,BRAF:NM_004333:exon11:c.G1406A:p.G469E",7q34,.,8.238e-06,0,0,0,0,1.499e-05,0,0,0,0,0,0,0,0,0,0,0,.,.,.,.,.,.,.,.,rs121913355,0.0,0.912,D,0.999,0.764,D,0.999,0.916,D,0.000,0.843,D,1,0.810,D,3.445,0.923,M,-2.65,0.902,D,-7.57,0.952,D,0.999,1.000,1.076,0.988,D,0.917,0.973,D,0.612,0.966,D,6.904,0.932,33,0.998,0.881,0.987,0.854,D,c,1.076,0.982,1.000,0.747,0.615,0.372,0,5.62,0.857,7.886,0.857,0.892,0.403,1.000,0.715,1.000,0.888,17.843,0.886,Protein kinase domain|Protein kinase\x2c ATP binding site|Protein kinase-like domain|Serine-threonine/tyrosine-protein kinase catalytic domain,.,.,.,.,0.612203233818,29013,Melanoma|Squamous_cell_carcinoma_of_the_skin|Transitional_cell_carcinoma_of_the_bladder|Multiple_myeloma|Malignant_melanoma_of_skin|Lung_adenocarcinoma|Squamous_cell_lung_carcinoma|Neoplasm_of_the_large_intestine|Adenocarcinoma_of_prostate|Cardiofaciocutaneous_syndrome_1|Cardio-facio-cutaneous_syndrome|Rasopathy|not_specified|not_provided,Human_Phenotype_Ontology:HP:0002861\x2cHuman_Phenotype_Ontology:HP:0002887\x2cHuman_Phenotype_Ontology:HP:0006777\x2cHuman_Phenotype_Ontology:HP:0007474\x2cMONDO:MONDO:0005105\x2cMeSH:D008545\x2cMedGen:C0025202\x2cSNOMED_CT:2092003\x2cSNOMED_CT:372244006|Human_Phenotype_Ontology:HP:0006739\x2cHuman_Phenotype_Ontology:HP:0007614\x2cMONDO:MONDO:0002529\x2cMedGen:C0553723|Human_Phenotype_Ontology:HP:0006740\x2cMONDO:MONDO:0005611\x2cMedGen:C0279680|Human_Phenotype_Ontology:HP:0006775\x2cMONDO:MONDO:0009693\x2cMeSH:D009101\x2cMedGen:C0026764\x2cOMIM:254500\x2cOrphanet:ORPHA29073\x2cSNOMED_CT:109989006\x2cSNOMED_CT:55921005|Human_Phenotype_Ontology:HP:0012056\x2cMONDO:MONDO:0005012\x2cMeSH:C562393\x2cMedGen:C0151779\x2cSNOMED_CT:93655004|Human_Phenotype_Ontology:HP:0030078\x2cMONDO:MONDO:0005061\x2cMeSH:D000077192\x2cMedGen:C0152013|Human_Phenotype_Ontology:HP:0030359\x2cMONDO:MONDO:0005097\x2cMedGen:C0149782|Human_Phenotype_Ontology:HP:0100834\x2cMeSH:D015179\x2cMedGen:C0009404\x2cSNOMED_CT:126837005|MONDO:MONDO:0005082\x2cMedGen:C0007112|MONDO:MONDO:0007265\x2cMedGen:CN029449\x2cOMIM:115150|MONDO:MONDO:0015280\x2cMedGen:C1275081\x2cOMIM:PS115150\x2cOrphanet:ORPHA1340\x2cSNOMED_CT:403770008|MONDO:MONDO:0021060\x2cMedGen:CN166718\x2cOrphanet:ORPHA536391|MedGen:CN169374|MedGen:CN517202,reviewed_by_expert_panel,Pathogenic,0.921,OP4,OP1,BRAF_G469E,BRAF,469,61.0,G:61,1450.0,E:4,gGa/gCa:34|gGa/gTa:11|Gga/Aga:8|gGa/gAa:4|GGa/TCa:2|Gga/Tga:1|ggA/ggT:1,7:140481402_51|7:140481403_9|7:140481401_1,luad:2057:18|skcm:787:12|coad:712:4|mm:275:3|lusc:346:3|blca:852:2|cup:135:2|prad:1366:2|cscc:92:1|ihch:104:1|uccc:14:1|hnmucm:11:1|odg:36:1|esca:556:1|dlbcl:246:1|fl:27:1|sclc:224:1|nsclc:16:1|thpa:486:1|da:2:1|gbm:688:1|coadread:683:1|phc:181:1,lung:2761:23|skin:974:13|bowel:1782:6|blood:890:3|bladder:958:2|unk:357:2|cnsbrain:2270:2|lymph:366:2|prostate:1379:2|biliarytract:358:1|uterus:618:1|headandneck:988:1|esophagusstomach:1407:1|thyroid:618:1|adrenalgland:291:1,G,lung,skin:3|bowel:1,4.0,OP3
40,7,140781602,140781602,C,G,exonic,BRAF,.,nonsynonymous SNV,"BRAF:NM_001354609:exon11:c.G1406C:p.G469A,BRAF:NM_004333:exon11:c.G1406C:p.G469A",7q34,.,.,.,.,.,.,.,.,.,4.062e-06,0,2.978e-05,0,0,0,0,0,0,.,.,.,.,.,.,.,.,rs121913355,0.0,0.912,D,0.985,0.592,D,0.835,0.580,P,0.000,0.843,D,1,0.810,D,1.59,0.404,L,-2.51,0.893,D,-5.68,0.872,D,0.974,0.975,0.609,0.920,D,0.747,0.914,D,0.219,0.877,D,5.918,0.812,27.5,0.998,0.883,0.990,0.900,D,c,0.752,0.771,1.000,0.747,0.615,0.372,0,5.62,0.857,7.886,0.857,0.892,0.403,1.000,0.715,1.000,0.888,17.843,0.886,Protein kinase domain|Protein kinase\x2c ATP binding site|Protein kinase-like domain|Serine-threonine/tyrosine-protein kinase catalytic domain,.,.,.,.,0.219344139139,29010,Neoplasm|Squamous_cell_carcinoma_of_the_skin|Transitional_cell_carcinoma_of_the_bladder|Multiple_myeloma|Malignant_melanoma_of_skin|Non-Hodgkin_lymphoma|Lung_adenocarcinoma|Non-small_cell_lung_cancer|Squamous_cell_lung_carcinoma|Neoplasm_of_the_large_intestine|Adenocarcinoma_of_prostate|Lung_carcinoma,Human_Phenotype_Ontology:HP:0002664\x2cHuman_Phenotype_Ontology:HP:0003008\x2cHuman_Phenotype_Ontology:HP:0006741\x2cMeSH:D009369\x2cMedGen:C0027651\x2cSNOMED_CT:108369006|Human_Phenotype_Ontology:HP:0006739\x2cHuman_Phenotype_Ontology:HP:0007614\x2cMONDO:MONDO:0002529\x2cMedGen:C0553723|Human_Phenotype_Ontology:HP:0006740\x2cMONDO:MONDO:0005611\x2cMedGen:C0279680|Human_Phenotype_Ontology:HP:0006775\x2cMONDO:MONDO:0009693\x2cMeSH:D009101\x2cMedGen:C0026764\x2cOMIM:254500\x2cOrphanet:ORPHA29073\x2cSNOMED_CT:109989006\x2cSNOMED_CT:55921005|Human_Phenotype_Ontology:HP:0012056\x2cMONDO:MONDO:0005012\x2cMeSH:C562393\x2cMedGen:C0151779\x2cSNOMED_CT:93655004|Human_Phenotype_Ontology:HP:0012539\x2cMONDO:MONDO:0018908\x2cMedGen:C0024305\x2cOrphanet:ORPHA547\x2cSNOMED_CT:1929004|Human_Phenotype_Ontology:HP:0030078\x2cMONDO:MONDO:0005061\x2cMeSH:D000077192\x2cMedGen:C0152013|Human_Phenotype_Ontology:HP:0030358\x2cMONDO:MONDO:0005233\x2cMeSH:D002289\x2cMedGen:C0007131\x2cSNOMED_CT:254637007|Human_Phenotype_Ontology:HP:0030359\x2cMONDO:MONDO:0005097\x2cMedGen:C0149782|Human_Phenotype_Ontology:HP:0100834\x2cMeSH:D015179\x2cMedGen:C0009404\x2cSNOMED_CT:126837005|MONDO:MONDO:0005082\x2cMedGen:C0007112|MONDO:MONDO:0005138\x2cMedGen:C0684249,criteria_provided\x2c_single_submitter,Pathogenic,0.724,OP4,OP1,BRAF_G469A,BRAF,469,61.0,G:61,1450.0,A:34,gGa/gCa:34|gGa/gTa:11|Gga/Aga:8|gGa/gAa:4|GGa/TCa:2|Gga/Tga:1|ggA/ggT:1,7:140481402_51|7:140481403_9|7:140481401_1,luad:2057:18|skcm:787:12|coad:712:4|mm:275:3|lusc:346:3|blca:852:2|cup:135:2|prad:1366:2|cscc:92:1|ihch:104:1|uccc:14:1|hnmucm:11:1|odg:36:1|esca:556:1|dlbcl:246:1|fl:27:1|sclc:224:1|nsclc:16:1|thpa:486:1|da:2:1|gbm:688:1|coadread:683:1|phc:181:1,lung:2761:23|skin:974:13|bowel:1782:6|blood:890:3|bladder:958:2|unk:357:2|cnsbrain:2270:2|lymph:366:2|prostate:1379:2|biliarytract:358:1|uterus:618:1|headandneck:988:1|esophagusstomach:1407:1|thyroid:618:1|adrenalgland:291:1,G,lung,lung:15|bowel:5|blood:2|prostate:2|skin:2|adrenalgland:1|bladder:1|cnsbrain:1|esophagusstomach:1|headandneck:1|lymph:1|thyroid:1|unk:1,34.0,OS3
41,7,140781675,140781675,C,G,exonic,BRAF,.,nonsynonymous SNV,"BRAF:NM_001354609:exon11:c.G1333C:p.D445H,BRAF:NM_004333:exon11:c.G1333C:p.D445H",7q34,.,.,.,.,.,.,.,.,.,.,.,.,.,.,.,.,.,.,.,.,.,.,.,.,.,.,.,0.0,0.912,D,0.989,0.609,D,0.887,0.612,P,0.000,0.843,D,1,0.810,D,2.595,0.761,M,-1.0,0.760,T,-5.6,0.866,D,0.881,0.869,0.146,0.850,D,0.563,0.841,D,0.100,0.773,D,6.698,0.916,32,0.997,0.774,0.991,0.910,D,c,0.805,0.794,1.000,0.747,0.706,0.609,0,5.76,0.907,7.886,0.857,0.892,0.403,1.000,0.715,0.728,0.316,19.975,0.973,.,.,.,.,.,0.100260968362,.,.,.,.,.,0.627,OP4,OP1,BRAF_D445H,0,0,0.0,0,0.0,0,0,0,0,0,0,0,0,0.0,OP3
42,7,140783127,140783127,G,-,exonic,BRAF,.,frameshift deletion,"BRAF:NM_001354609:exon10:c.1208delC:p.P403Lfs*8,BRAF:NM_004333:exon10:c.1208delC:p.P403Lfs*8",7q34,.,.,.,.,.,.,.,.,.,.,.,.,.,.,.,.,.,.,.,.,.,.,.,.,.,.,.,.,.,.,.,.,.,.,.,.,.,.,.,.,.,.,.,.,.,.,.,.,.,.,.,.,.,.,.,.,.,.,.,.,.,.,.,.,.,.,.,.,.,.,.,.,.,.,.,.,.,.,.,.,.,.,.,.,.,.,.,.,.,.,.,.,.,.,.,.,.,.,.,.,.,.,OP4,SBP1,BRAF_P403Lfs*8,0,0,0.0,0,0.0,0,0,0,0,0,0,0,0,0.0,OP3
43,7,140924612,140924612,G,C,exonic,BRAF,.,nonsynonymous SNV,"BRAF:NM_001354609:exon1:c.C92G:p.A31G,BRAF:NM_004333:exon1:c.C92G:p.A31G",7q34,.,.,.,.,.,.,.,.,.,5.774e-05,0,0,0,0.0002,0,0.0001,0,0,6.66e-05,0,0,0,0,0,0.0001,0,rs397516906,0.503,0.077,T,0.001,0.067,B,0.0,0.013,B,0.573,0.112,N,0.993,0.238,N,0,0.065,N,-0.91,0.750,T,-0.17,0.096,N,0.343,0.410,-0.987,0.334,T,0.162,0.497,T,0.262,0.896,D,1.665,0.261,14.21,0.937,0.230,0.356,0.251,N,c,-0.541,-0.403,1.000,0.747,0.267,0.040,1,1.48,0.218,0.734,0.256,0.806,0.327,0.996,0.391,0.966,0.452,8.721,0.334,.,.,.,.,.,0.261712773584,54000,Rasopathy|not_specified,MONDO:MONDO:0021060\x2cMedGen:CN166718\x2cOrphanet:ORPHA536391|MedGen:CN169374,reviewed_by_expert_panel,Likely_benign,0.207,OP4,SBP1,BRAF_A31G,0,0,0.0,0,0.0,0,0,0,0,0,0,0,0,0.0,OP3
44,7,140924663,140924663,G,C,exonic,BRAF,.,nonsynonymous SNV,"BRAF:NM_001354609:exon1:c.C41G:p.P14R,BRAF:NM_004333:exon1:c.C41G:p.P14R",7q34,.,.,.,.,.,.,.,.,.,.,.,.,.,.,.,.,.,.,.,.,.,.,.,.,.,.,rs397507455,0.136,0.260,T,0.002,0.090,B,0.002,0.063,B,0.900,0.086,U,0.999,0.219,N,0,0.065,N,-0.78,0.736,T,-0.74,0.208,N,0.247,0.302,-0.985,0.339,T,0.160,0.494,T,0.089,0.754,D,1.212,0.211,11.81,0.812,0.131,0.077,0.135,N,c,-0.690,-0.575,1.000,0.747,0.267,0.040,1,2.05,0.257,-0.220,0.091,-0.450,0.056,0.989,0.365,0.817,0.342,3.614,0.076,.,.,.,.,.,0.0891133498287,48804,Rasopathy|not_provided,MONDO:MONDO:0021060\x2cMedGen:CN166718\x2cOrphanet:ORPHA536391|MedGen:CN517202,criteria_provided\x2c_multiple_submitters\x2c_no_conflicts,Uncertain_significance,0.093,OP4,SBP1,BRAF_P14R,0,0,0.0,0,0.0,0,0,0,0,0,0,0,0,0.0,OP3
